anio;mes;id_cajero;dias_activos
2025;1;C0001;14
2025;1;C0002;22
2025;1;C0003;16
2025;1;C0005;27
2025;1;C0006;0
2025;1;C0007;24
2025;1;C0008;24
2025;1;C0010;15
2025;1;C0011;15
2025;1;C0012;22
2025;1;C0013;18
2025;1;C0014;15
2025;1;C0015;14
2025;1;C0016;26
2025;1;C0017;23
2025;1;C0018;17
2025;1;C0019;21
2025;1;C0021;22
2025;1;C0022;14
2025;1;C0023;20
2025;1;C0024;17
2025;1;C0025;15
2025;1;C0026;16
2025;1;C0027;21
2025;1;C0028;23
2025;1;C0033;17
2025;1;C0034;24
2025;1;C0035;15
2025;1;C0036;19
2025;1;C0037;25
2025;1;C0038;23
2025;1;C0039;0
2025;1;C0040;20
2025;1;C0041;19
2025;1;C0042;15
2025;1;C0043;27
2025;1;C0044;20
2025;1;C0045;23
2025;1;C0046;18
2025;1;C0048;25
2025;1;C0049;25
2025;1;C0050;13
2025;1;C0051;20
2025;1;C0052;0
2025;1;C0053;24
2025;1;C0054;22
2025;1;C0055;23
2025;1;C0057;16
2025;1;C0058;23
2025;1;C0059;13
2025;1;C0060;0
2025;1;C0061;20
2025;1;C0062;21
2025;1;C0063;0
2025;1;C0064;23
2025;1;C0065;22
2025;1;C0066;18
2025;1;C0068;18
2025;1;C0070;23
2025;1;C0072;0
2025;1;C0074;25
2025;1;C0075;25
2025;1;C0076;20
2025;1;C0077;26
2025;1;C0079;13
2025;1;C0080;14
2025;1;C0081;18
2025;1;C0082;26
2025;1;C0083;25
2025;1;C0084;26
2025;1;C0086;23
2025;1;C0087;18
2025;1;C0088;0
2025;1;C0089;22
2025;1;C0091;25
2025;1;C0092;0
2025;1;C0093;13
2025;1;C0094;24
2025;1;C0098;21
2025;1;C0100;26
2025;1;C0101;21
2025;1;C0103;0
2025;1;C0104;17
2025;1;C0105;0
2025;1;C0106;17
2025;1;C0107;16
2025;1;C0108;15
2025;1;C0109;23
2025;1;C0110;16
2025;1;C0111;24
2025;1;C0112;21
2025;1;C0113;14
2025;1;C0114;23
2025;1;C0115;20
2025;1;C0116;20
2025;1;C0117;26
2025;1;C0118;26
2025;1;C0119;0
2025;1;C0120;17
2025;1;C0121;19
2025;1;C0123;19
2025;1;C0124;24
2025;1;C0125;19
2025;1;C0126;14
2025;1;C0127;14
2025;1;C0130;0
2025;1;C0131;13
2025;1;C0132;15
2025;1;C0133;27
2025;1;C0134;0
2025;1;C0135;13
2025;1;C0136;21
2025;1;C0137;27
2025;1;C0139;18
2025;1;C0140;16
2025;1;C0141;18
2025;1;C0143;22
2025;1;C0144;20
2025;1;C0145;13
2025;1;C0146;22
2025;1;C0147;18
2025;1;C0148;19
2025;1;C0149;25
2025;1;C0150;15
2025;1;C0151;14
2025;1;C0152;25
2025;1;C0153;21
2025;1;C0154;16
2025;1;C0155;20
2025;1;C0156;15
2025;1;C0157;19
2025;1;C0158;19
2025;1;C0159;21
2025;1;C0160;19
2025;1;C0161;26
2025;1;C0162;17
2025;1;C0163;18
2025;1;C0164;23
2025;1;C0165;16
2025;1;C0167;20
2025;1;C0168;19
2025;1;C0170;17
2025;1;C0171;13
2025;1;C0172;0
2025;1;C0173;25
2025;1;C0174;26
2025;1;C0176;0
2025;1;C0177;26
2025;1;C0178;13
2025;1;C0179;19
2025;1;C0181;0
2025;1;C0182;26
2025;1;C0183;17
2025;1;C0184;14
2025;1;C0185;20
2025;1;C0186;21
2025;1;C0188;15
2025;1;C0190;15
2025;1;C0191;0
2025;1;C0192;0
2025;1;C0193;0
2025;1;C0194;22
2025;1;C0196;26
2025;1;C0197;27
2025;1;C0198;21
2025;1;C0199;0
2025;1;C0200;20
2025;1;C0201;19
2025;1;C0202;27
2025;1;C0203;24
2025;1;C0204;25
2025;1;C0205;0
2025;1;C0206;24
2025;1;C0207;0
2025;1;C0208;13
2025;1;C0209;24
2025;1;C0210;16
2025;1;C0211;22
2025;1;C0212;15
2025;1;C0213;16
2025;1;C0214;14
2025;1;C0215;26
2025;1;C0218;17
2025;1;C0220;15
2025;1;C0221;17
2025;1;C0223;15
2025;1;C0225;21
2025;1;C0228;23
2025;1;C0229;16
2025;1;C0231;0
2025;1;C0232;0
2025;1;C0233;20
2025;1;C0234;17
2025;1;C0235;0
2025;1;C0236;17
2025;1;C0237;20
2025;1;C0238;26
2025;1;C0240;22
2025;1;C0241;23
2025;1;C0243;17
2025;1;C0244;15
2025;1;C0246;27
2025;1;C0247;19
2025;1;C0248;23
2025;1;C0249;21
2025;1;C0250;24
2025;1;C0251;27
2025;1;C0252;14
2025;1;C0253;18
2025;1;C0254;18
2025;1;C0255;0
2025;1;C0256;0
2025;1;C0257;25
2025;1;C0258;24
2025;1;C0259;22
2025;1;C0260;14
2025;1;C0261;22
2025;1;C0262;20
2025;1;C0263;18
2025;1;C0264;25
2025;1;C0266;15
2025;1;C0267;7
2025;1;C0268;19
2025;1;C0269;14
2025;1;C0270;22
2025;1;C0272;24
2025;1;C0273;25
2025;1;C0274;19
2025;1;C0275;27
2025;1;C0276;24
2025;1;C0277;16
2025;1;C0280;18
2025;1;C0281;14
2025;1;C0282;22
2025;1;C0283;18
2025;1;C0284;25
2025;1;C0286;18
2025;1;C0287;27
2025;1;C0289;16
2025;1;C0290;17
2025;1;C0291;19
2025;1;C0292;14
2025;1;C0294;26
2025;1;C0296;26
2025;1;C0298;16
2025;1;C0299;21
2025;1;C0300;18
2025;1;C0302;18
2025;1;C0303;15
2025;1;C0304;15
2025;1;C0307;22
2025;1;C0308;20
2025;1;C0310;19
2025;1;C0311;21
2025;1;C0312;20
2025;1;C0314;13
2025;1;C0315;25
2025;1;C0316;0
2025;1;C0317;24
2025;1;C0318;15
2025;1;C0319;25
2025;1;C0320;0
2025;1;C0321;18
2025;1;C0322;22
2025;1;C0323;27
2025;1;C0324;20
2025;1;C0325;17
2025;1;C0326;20
2025;1;C0327;24
2025;1;C0328;24
2025;1;C0329;0
2025;1;C0331;17
2025;1;C0332;15
2025;1;C0333;19
2025;1;C0334;27
2025;1;C0335;14
2025;1;C0336;13
2025;1;C0337;24
2025;1;C0338;24
2025;1;C0339;22
2025;1;C0340;13
2025;1;C0341;27
2025;1;C0342;24
2025;1;C0343;22
2025;1;C0344;27
2025;1;C0345;26
2025;1;C0346;26
2025;1;C0347;24
2025;1;C0349;27
2025;1;C0350;22
2025;2;C0001;13
2025;2;C0002;23
2025;2;C0003;19
2025;2;C0004;0
2025;2;C0005;17
2025;2;C0006;0
2025;2;C0007;19
2025;2;C0008;22
2025;2;C0010;13
2025;2;C0011;20
2025;2;C0012;0
2025;2;C0013;19
2025;2;C0014;21
2025;2;C0015;16
2025;2;C0016;19
2025;2;C0017;13
2025;2;C0018;13
2025;2;C0019;22
2025;2;C0021;16
2025;2;C0022;23
2025;2;C0023;22
2025;2;C0024;21
2025;2;C0025;23
2025;2;C0026;20
2025;2;C0027;20
2025;2;C0028;22
2025;2;C0033;18
2025;2;C0034;16
2025;2;C0035;16
2025;2;C0036;0
2025;2;C0037;15
2025;2;C0038;19
2025;2;C0039;24
2025;2;C0040;15
2025;2;C0041;21
2025;2;C0042;16
2025;2;C0043;24
2025;2;C0044;20
2025;2;C0045;19
2025;2;C0046;22
2025;2;C0048;17
2025;2;C0049;22
2025;2;C0050;22
2025;2;C0051;21
2025;2;C0052;0
2025;2;C0053;14
2025;2;C0054;20
2025;2;C0055;14
2025;2;C0056;0
2025;2;C0057;24
2025;2;C0058;23
2025;2;C0059;24
2025;2;C0060;17
2025;2;C0061;21
2025;2;C0062;17
2025;2;C0063;0
2025;2;C0064;17
2025;2;C0065;12
2025;2;C0066;18
2025;2;C0068;21
2025;2;C0069;18
2025;2;C0070;20
2025;2;C0072;0
2025;2;C0074;16
2025;2;C0075;15
2025;2;C0076;17
2025;2;C0077;17
2025;2;C0079;22
2025;2;C0080;20
2025;2;C0081;16
2025;2;C0082;0
2025;2;C0083;15
2025;2;C0084;19
2025;2;C0086;17
2025;2;C0087;15
2025;2;C0088;21
2025;2;C0089;12
2025;2;C0091;12
2025;2;C0092;0
2025;2;C0093;13
2025;2;C0094;12
2025;2;C0098;0
2025;2;C0100;24
2025;2;C0101;16
2025;2;C0103;0
2025;2;C0104;15
2025;2;C0105;19
2025;2;C0106;24
2025;2;C0107;14
2025;2;C0108;16
2025;2;C0109;18
2025;2;C0110;22
2025;2;C0111;23
2025;2;C0112;22
2025;2;C0113;15
2025;2;C0114;18
2025;2;C0115;16
2025;2;C0116;15
2025;2;C0117;23
2025;2;C0118;16
2025;2;C0119;24
2025;2;C0120;13
2025;2;C0121;18
2025;2;C0123;24
2025;2;C0124;17
2025;2;C0125;0
2025;2;C0126;18
2025;2;C0127;16
2025;2;C0130;24
2025;2;C0131;15
2025;2;C0132;18
2025;2;C0133;13
2025;2;C0134;0
2025;2;C0135;0
2025;2;C0136;22
2025;2;C0137;19
2025;2;C0139;21
2025;2;C0140;0
2025;2;C0141;14
2025;2;C0143;15
2025;2;C0144;24
2025;2;C0145;13
2025;2;C0146;22
2025;2;C0147;0
2025;2;C0148;20
2025;2;C0149;24
2025;2;C0150;0
2025;2;C0151;23
2025;2;C0152;15
2025;2;C0153;17
2025;2;C0154;23
2025;2;C0155;24
2025;2;C0156;18
2025;2;C0157;19
2025;2;C0158;20
2025;2;C0159;18
2025;2;C0160;14
2025;2;C0161;15
2025;2;C0162;0
2025;2;C0163;22
2025;2;C0164;22
2025;2;C0165;16
2025;2;C0167;0
2025;2;C0168;15
2025;2;C0170;20
2025;2;C0171;20
2025;2;C0172;14
2025;2;C0173;17
2025;2;C0174;15
2025;2;C0176;12
2025;2;C0177;13
2025;2;C0178;24
2025;2;C0179;14
2025;2;C0181;24
2025;2;C0182;18
2025;2;C0183;17
2025;2;C0184;16
2025;2;C0185;16
2025;2;C0186;18
2025;2;C0188;22
2025;2;C0189;13
2025;2;C0190;18
2025;2;C0191;21
2025;2;C0192;19
2025;2;C0193;17
2025;2;C0194;19
2025;2;C0196;15
2025;2;C0197;18
2025;2;C0198;19
2025;2;C0199;14
2025;2;C0200;13
2025;2;C0201;22
2025;2;C0202;16
2025;2;C0203;13
2025;2;C0204;16
2025;2;C0205;17
2025;2;C0206;14
2025;2;C0207;22
2025;2;C0208;17
2025;2;C0209;15
2025;2;C0210;17
2025;2;C0211;21
2025;2;C0212;15
2025;2;C0213;22
2025;2;C0214;13
2025;2;C0215;19
2025;2;C0218;23
2025;2;C0220;23
2025;2;C0221;18
2025;2;C0223;23
2025;2;C0225;18
2025;2;C0228;20
2025;2;C0229;19
2025;2;C0230;24
2025;2;C0231;0
2025;2;C0232;21
2025;2;C0233;21
2025;2;C0234;17
2025;2;C0235;21
2025;2;C0236;19
2025;2;C0237;20
2025;2;C0238;21
2025;2;C0240;18
2025;2;C0241;20
2025;2;C0243;18
2025;2;C0244;18
2025;2;C0246;22
2025;2;C0247;17
2025;2;C0248;0
2025;2;C0249;14
2025;2;C0250;0
2025;2;C0251;19
2025;2;C0252;16
2025;2;C0253;19
2025;2;C0254;15
2025;2;C0255;14
2025;2;C0256;0
2025;2;C0257;24
2025;2;C0258;14
2025;2;C0259;23
2025;2;C0260;19
2025;2;C0261;13
2025;2;C0262;12
2025;2;C0263;17
2025;2;C0264;21
2025;2;C0266;20
2025;2;C0267;0
2025;2;C0268;14
2025;2;C0269;20
2025;2;C0270;23
2025;2;C0272;16
2025;2;C0273;13
2025;2;C0274;12
2025;2;C0275;19
2025;2;C0276;0
2025;2;C0277;21
2025;2;C0280;15
2025;2;C0281;0
2025;2;C0282;23
2025;2;C0283;21
2025;2;C0284;14
2025;2;C0286;21
2025;2;C0287;16
2025;2;C0289;24
2025;2;C0290;17
2025;2;C0291;24
2025;2;C0292;12
2025;2;C0294;20
2025;2;C0296;15
2025;2;C0298;12
2025;2;C0299;14
2025;2;C0300;24
2025;2;C0302;14
2025;2;C0303;0
2025;2;C0304;15
2025;2;C0307;17
2025;2;C0308;12
2025;2;C0310;15
2025;2;C0311;22
2025;2;C0312;14
2025;2;C0314;23
2025;2;C0315;17
2025;2;C0316;18
2025;2;C0317;20
2025;2;C0318;12
2025;2;C0319;15
2025;2;C0320;0
2025;2;C0321;12
2025;2;C0322;18
2025;2;C0323;19
2025;2;C0324;0
2025;2;C0325;22
2025;2;C0326;13
2025;2;C0327;15
2025;2;C0328;16
2025;2;C0329;23
2025;2;C0331;21
2025;2;C0332;0
2025;2;C0333;16
2025;2;C0334;14
2025;2;C0335;23
2025;2;C0336;24
2025;2;C0337;12
2025;2;C0338;17
2025;2;C0339;19
2025;2;C0340;22
2025;2;C0341;21
2025;2;C0342;22
2025;2;C0343;18
2025;2;C0344;20
2025;2;C0345;20
2025;2;C0346;0
2025;2;C0347;23
2025;2;C0349;20
2025;2;C0350;15
2025;3;C0001;20
2025;3;C0002;26
2025;3;C0003;17
2025;3;C0004;21
2025;3;C0005;19
2025;3;C0006;0
2025;3;C0007;17
2025;3;C0008;20
2025;3;C0010;21
2025;3;C0011;0
2025;3;C0012;0
2025;3;C0013;25
2025;3;C0014;21
2025;3;C0015;20
2025;3;C0016;19
2025;3;C0017;25
2025;3;C0018;15
2025;3;C0019;24
2025;3;C0021;17
2025;3;C0022;14
2025;3;C0023;21
2025;3;C0024;19
2025;3;C0025;26
2025;3;C0026;26
2025;3;C0027;15
2025;3;C0028;24
2025;3;C0033;23
2025;3;C0034;19
2025;3;C0035;15
2025;3;C0036;24
2025;3;C0037;16
2025;3;C0038;13
2025;3;C0039;26
2025;3;C0040;17
2025;3;C0041;18
2025;3;C0042;21
2025;3;C0043;20
2025;3;C0044;15
2025;3;C0045;25
2025;3;C0046;17
2025;3;C0048;26
2025;3;C0049;19
2025;3;C0050;22
2025;3;C0051;0
2025;3;C0052;0
2025;3;C0053;15
2025;3;C0054;21
2025;3;C0055;22
2025;3;C0056;0
2025;3;C0057;19
2025;3;C0058;21
2025;3;C0059;26
2025;3;C0060;0
2025;3;C0061;25
2025;3;C0062;0
2025;3;C0063;0
2025;3;C0064;26
2025;3;C0065;14
2025;3;C0066;24
2025;3;C0068;17
2025;3;C0069;21
2025;3;C0070;24
2025;3;C0072;0
2025;3;C0074;20
2025;3;C0075;21
2025;3;C0076;0
2025;3;C0077;14
2025;3;C0079;14
2025;3;C0080;20
2025;3;C0081;22
2025;3;C0082;19
2025;3;C0083;13
2025;3;C0084;24
2025;3;C0086;18
2025;3;C0087;13
2025;3;C0088;15
2025;3;C0089;17
2025;3;C0091;20
2025;3;C0092;0
2025;3;C0093;18
2025;3;C0094;23
2025;3;C0098;0
2025;3;C0100;22
2025;3;C0101;20
2025;3;C0103;0
2025;3;C0104;14
2025;3;C0105;0
2025;3;C0106;24
2025;3;C0107;15
2025;3;C0108;0
2025;3;C0109;16
2025;3;C0110;24
2025;3;C0111;23
2025;3;C0112;24
2025;3;C0113;0
2025;3;C0114;27
2025;3;C0115;0
2025;3;C0116;17
2025;3;C0117;13
2025;3;C0118;27
2025;3;C0119;0
2025;3;C0120;19
2025;3;C0121;20
2025;3;C0123;13
2025;3;C0124;22
2025;3;C0125;21
2025;3;C0126;22
2025;3;C0127;15
2025;3;C0130;0
2025;3;C0131;19
2025;3;C0132;16
2025;3;C0133;0
2025;3;C0134;0
2025;3;C0135;23
2025;3;C0136;20
2025;3;C0137;14
2025;3;C0139;20
2025;3;C0140;24
2025;3;C0141;23
2025;3;C0143;15
2025;3;C0144;15
2025;3;C0145;27
2025;3;C0146;26
2025;3;C0147;0
2025;3;C0148;24
2025;3;C0149;23
2025;3;C0150;20
2025;3;C0151;19
2025;3;C0152;22
2025;3;C0153;23
2025;3;C0154;21
2025;3;C0155;23
2025;3;C0156;26
2025;3;C0157;17
2025;3;C0158;21
2025;3;C0159;22
2025;3;C0160;22
2025;3;C0161;26
2025;3;C0162;0
2025;3;C0163;16
2025;3;C0164;18
2025;3;C0165;23
2025;3;C0167;23
2025;3;C0168;22
2025;3;C0170;25
2025;3;C0171;21
2025;3;C0172;17
2025;3;C0173;18
2025;3;C0174;19
2025;3;C0176;14
2025;3;C0177;16
2025;3;C0178;25
2025;3;C0179;25
2025;3;C0181;17
2025;3;C0182;21
2025;3;C0183;21
2025;3;C0184;19
2025;3;C0185;19
2025;3;C0186;19
2025;3;C0188;17
2025;3;C0189;23
2025;3;C0190;18
2025;3;C0191;20
2025;3;C0192;22
2025;3;C0193;22
2025;3;C0194;24
2025;3;C0196;24
2025;3;C0197;16
2025;3;C0198;18
2025;3;C0199;17
2025;3;C0200;21
2025;3;C0201;22
2025;3;C0202;13
2025;3;C0203;23
2025;3;C0204;18
2025;3;C0205;0
2025;3;C0206;27
2025;3;C0207;0
2025;3;C0208;0
2025;3;C0209;18
2025;3;C0210;18
2025;3;C0211;26
2025;3;C0212;15
2025;3;C0213;15
2025;3;C0214;23
2025;3;C0215;26
2025;3;C0218;22
2025;3;C0220;19
2025;3;C0221;15
2025;3;C0223;15
2025;3;C0225;18
2025;3;C0228;21
2025;3;C0229;14
2025;3;C0230;18
2025;3;C0231;0
2025;3;C0232;13
2025;3;C0233;18
2025;3;C0234;26
2025;3;C0235;0
2025;3;C0236;24
2025;3;C0237;16
2025;3;C0238;15
2025;3;C0240;26
2025;3;C0241;20
2025;3;C0243;22
2025;3;C0244;23
2025;3;C0246;19
2025;3;C0247;24
2025;3;C0248;19
2025;3;C0249;21
2025;3;C0250;0
2025;3;C0251;15
2025;3;C0252;21
2025;3;C0253;20
2025;3;C0254;17
2025;3;C0255;25
2025;3;C0256;0
2025;3;C0257;23
2025;3;C0258;17
2025;3;C0259;23
2025;3;C0260;19
2025;3;C0261;23
2025;3;C0262;26
2025;3;C0263;19
2025;3;C0264;20
2025;3;C0266;19
2025;3;C0267;0
2025;3;C0268;19
2025;3;C0269;23
2025;3;C0270;24
2025;3;C0272;20
2025;3;C0273;20
2025;3;C0274;17
2025;3;C0275;20
2025;3;C0276;0
2025;3;C0277;22
2025;3;C0280;23
2025;3;C0281;15
2025;3;C0282;21
2025;3;C0283;21
2025;3;C0284;20
2025;3;C0286;17
2025;3;C0287;14
2025;3;C0289;26
2025;3;C0290;20
2025;3;C0291;14
2025;3;C0292;22
2025;3;C0294;21
2025;3;C0296;18
2025;3;C0298;20
2025;3;C0299;17
2025;3;C0300;22
2025;3;C0302;15
2025;3;C0303;20
2025;3;C0304;19
2025;3;C0307;21
2025;3;C0308;25
2025;3;C0310;20
2025;3;C0311;23
2025;3;C0312;15
2025;3;C0314;16
2025;3;C0315;22
2025;3;C0316;21
2025;3;C0317;26
2025;3;C0318;25
2025;3;C0319;14
2025;3;C0320;0
2025;3;C0321;23
2025;3;C0322;26
2025;3;C0323;25
2025;3;C0324;0
2025;3;C0325;25
2025;3;C0326;18
2025;3;C0327;0
2025;3;C0328;17
2025;3;C0329;0
2025;3;C0331;24
2025;3;C0332;19
2025;3;C0333;13
2025;3;C0334;21
2025;3;C0335;20
2025;3;C0336;0
2025;3;C0337;27
2025;3;C0338;20
2025;3;C0339;14
2025;3;C0340;26
2025;3;C0341;0
2025;3;C0342;22
2025;3;C0343;13
2025;3;C0344;19
2025;3;C0345;24
2025;3;C0346;0
2025;3;C0347;18
2025;3;C0349;18
2025;3;C0350;26
2025;4;C0001;17
2025;4;C0002;21
2025;4;C0003;25
2025;4;C0004;0
2025;4;C0005;15
2025;4;C0006;26
2025;4;C0007;15
2025;4;C0008;24
2025;4;C0010;0
2025;4;C0011;0
2025;4;C0012;25
2025;4;C0013;13
2025;4;C0014;15
2025;4;C0015;14
2025;4;C0016;13
2025;4;C0017;26
2025;4;C0018;22
2025;4;C0019;14
2025;4;C0021;17
2025;4;C0022;16
2025;4;C0023;22
2025;4;C0024;22
2025;4;C0025;13
2025;4;C0026;17
2025;4;C0027;24
2025;4;C0028;14
2025;4;C0033;21
2025;4;C0034;24
2025;4;C0035;19
2025;4;C0036;20
2025;4;C0037;17
2025;4;C0038;0
2025;4;C0039;17
2025;4;C0040;20
2025;4;C0041;24
2025;4;C0042;24
2025;4;C0043;19
2025;4;C0044;22
2025;4;C0045;14
2025;4;C0046;13
2025;4;C0048;24
2025;4;C0049;17
2025;4;C0050;25
2025;4;C0051;17
2025;4;C0052;0
2025;4;C0053;13
2025;4;C0054;21
2025;4;C0055;22
2025;4;C0056;0
2025;4;C0057;25
2025;4;C0058;14
2025;4;C0059;17
2025;4;C0060;0
2025;4;C0061;17
2025;4;C0062;16
2025;4;C0063;0
2025;4;C0064;16
2025;4;C0065;20
2025;4;C0066;21
2025;4;C0068;23
2025;4;C0069;17
2025;4;C0070;24
2025;4;C0072;0
2025;4;C0074;16
2025;4;C0075;23
2025;4;C0076;26
2025;4;C0077;17
2025;4;C0079;23
2025;4;C0080;18
2025;4;C0081;21
2025;4;C0082;20
2025;4;C0083;26
2025;4;C0084;17
2025;4;C0086;26
2025;4;C0087;19
2025;4;C0088;25
2025;4;C0089;23
2025;4;C0091;25
2025;4;C0092;0
2025;4;C0093;18
2025;4;C0094;20
2025;4;C0098;13
2025;4;C0100;15
2025;4;C0101;18
2025;4;C0103;0
2025;4;C0104;19
2025;4;C0106;19
2025;4;C0107;14
2025;4;C0108;16
2025;4;C0109;26
2025;4;C0110;19
2025;4;C0111;18
2025;4;C0112;17
2025;4;C0113;0
2025;4;C0114;19
2025;4;C0115;14
2025;4;C0116;24
2025;4;C0117;22
2025;4;C0118;16
2025;4;C0119;0
2025;4;C0120;20
2025;4;C0121;14
2025;4;C0123;14
2025;4;C0124;22
2025;4;C0125;16
2025;4;C0126;25
2025;4;C0127;16
2025;4;C0130;0
2025;4;C0131;23
2025;4;C0132;18
2025;4;C0133;26
2025;4;C0134;13
2025;4;C0135;0
2025;4;C0136;16
2025;4;C0137;0
2025;4;C0139;14
2025;4;C0140;23
2025;4;C0141;15
2025;4;C0143;21
2025;4;C0144;13
2025;4;C0145;23
2025;4;C0146;14
2025;4;C0147;22
2025;4;C0148;21
2025;4;C0149;25
2025;4;C0150;0
2025;4;C0151;18
2025;4;C0152;15
2025;4;C0153;25
2025;4;C0154;17
2025;4;C0155;20
2025;4;C0156;25
2025;4;C0157;14
2025;4;C0158;24
2025;4;C0159;13
2025;4;C0160;20
2025;4;C0161;19
2025;4;C0162;0
2025;4;C0163;23
2025;4;C0164;19
2025;4;C0165;23
2025;4;C0167;0
2025;4;C0168;17
2025;4;C0170;19
2025;4;C0171;19
2025;4;C0172;0
2025;4;C0173;16
2025;4;C0174;15
2025;4;C0176;19
2025;4;C0177;14
2025;4;C0178;14
2025;4;C0179;15
2025;4;C0181;14
2025;4;C0182;0
2025;4;C0183;20
2025;4;C0184;25
2025;4;C0185;22
2025;4;C0186;19
2025;4;C0188;24
2025;4;C0189;18
2025;4;C0190;21
2025;4;C0191;21
2025;4;C0192;16
2025;4;C0193;23
2025;4;C0194;19
2025;4;C0196;21
2025;4;C0197;19
2025;4;C0198;19
2025;4;C0199;0
2025;4;C0200;13
2025;4;C0201;13
2025;4;C0202;20
2025;4;C0203;0
2025;4;C0204;14
2025;4;C0205;18
2025;4;C0206;21
2025;4;C0207;20
2025;4;C0208;22
2025;4;C0209;14
2025;4;C0210;13
2025;4;C0211;25
2025;4;C0212;26
2025;4;C0213;23
2025;4;C0214;21
2025;4;C0215;15
2025;4;C0218;26
2025;4;C0220;18
2025;4;C0221;18
2025;4;C0223;24
2025;4;C0225;24
2025;4;C0228;17
2025;4;C0229;25
2025;4;C0230;20
2025;4;C0231;0
2025;4;C0232;15
2025;4;C0233;21
2025;4;C0234;14
2025;4;C0235;0
2025;4;C0236;20
2025;4;C0237;23
2025;4;C0238;23
2025;4;C0240;25
2025;4;C0241;23
2025;4;C0243;26
2025;4;C0244;23
2025;4;C0246;22
2025;4;C0247;18
2025;4;C0248;20
2025;4;C0249;14
2025;4;C0250;25
2025;4;C0251;15
2025;4;C0252;16
2025;4;C0253;24
2025;4;C0254;0
2025;4;C0255;15
2025;4;C0256;3
2025;4;C0257;17
2025;4;C0258;23
2025;4;C0259;26
2025;4;C0260;17
2025;4;C0261;13
2025;4;C0262;16
2025;4;C0263;19
2025;4;C0264;22
2025;4;C0266;13
2025;4;C0267;0
2025;4;C0268;16
2025;4;C0269;19
2025;4;C0270;21
2025;4;C0272;20
2025;4;C0273;22
2025;4;C0274;26
2025;4;C0275;14
2025;4;C0276;19
2025;4;C0277;14
2025;4;C0280;22
2025;4;C0281;0
2025;4;C0282;23
2025;4;C0283;14
2025;4;C0284;23
2025;4;C0286;13
2025;4;C0287;23
2025;4;C0289;15
2025;4;C0290;18
2025;4;C0291;21
2025;4;C0292;14
2025;4;C0294;23
2025;4;C0296;16
2025;4;C0298;0
2025;4;C0299;21
2025;4;C0300;21
2025;4;C0302;16
2025;4;C0303;0
2025;4;C0304;19
2025;4;C0307;23
2025;4;C0308;16
2025;4;C0310;22
2025;4;C0311;15
2025;4;C0312;23
2025;4;C0314;26
2025;4;C0315;17
2025;4;C0316;13
2025;4;C0317;17
2025;4;C0318;21
2025;4;C0319;23
2025;4;C0320;0
2025;4;C0321;14
2025;4;C0322;0
2025;4;C0323;15
2025;4;C0324;0
2025;4;C0325;19
2025;4;C0326;21
2025;4;C0327;14
2025;4;C0328;19
2025;4;C0329;25
2025;4;C0331;18
2025;4;C0332;21
2025;4;C0333;15
2025;4;C0334;15
2025;4;C0335;0
2025;4;C0336;26
2025;4;C0337;13
2025;4;C0338;22
2025;4;C0339;23
2025;4;C0340;16
2025;4;C0341;26
2025;4;C0342;21
2025;4;C0343;14
2025;4;C0344;21
2025;4;C0345;26
2025;4;C0346;18
2025;4;C0347;24
2025;4;C0349;17
2025;4;C0350;25
2025;5;C0001;18
2025;5;C0002;19
2025;5;C0003;26
2025;5;C0004;24
2025;5;C0005;26
2025;5;C0006;27
2025;5;C0007;25
2025;5;C0008;19
2025;5;C0010;21
2025;5;C0011;0
2025;5;C0012;16
2025;5;C0013;19
2025;5;C0014;15
2025;5;C0015;26
2025;5;C0016;24
2025;5;C0017;0
2025;5;C0018;26
2025;5;C0019;25
2025;5;C0021;26
2025;5;C0022;16
2025;5;C0023;21
2025;5;C0024;26
2025;5;C0025;23
2025;5;C0026;17
2025;5;C0027;26
2025;5;C0028;18
2025;5;C0033;18
2025;5;C0034;22
2025;5;C0035;13
2025;5;C0036;20
2025;5;C0037;26
2025;5;C0038;19
2025;5;C0039;0
2025;5;C0040;20
2025;5;C0041;18
2025;5;C0042;14
2025;5;C0043;27
2025;5;C0044;16
2025;5;C0045;26
2025;5;C0046;27
2025;5;C0048;16
2025;5;C0049;24
2025;5;C0050;21
2025;5;C0051;27
2025;5;C0052;0
2025;5;C0053;27
2025;5;C0054;17
2025;5;C0055;22
2025;5;C0056;0
2025;5;C0057;26
2025;5;C0058;18
2025;5;C0059;22
2025;5;C0060;20
2025;5;C0061;17
2025;5;C0062;25
2025;5;C0063;0
2025;5;C0064;19
2025;5;C0065;23
2025;5;C0066;14
2025;5;C0068;19
2025;5;C0069;23
2025;5;C0070;14
2025;5;C0072;0
2025;5;C0074;19
2025;5;C0075;27
2025;5;C0076;0
2025;5;C0077;26
2025;5;C0079;24
2025;5;C0080;17
2025;5;C0081;26
2025;5;C0082;23
2025;5;C0083;23
2025;5;C0084;23
2025;5;C0086;14
2025;5;C0087;25
2025;5;C0088;27
2025;5;C0089;0
2025;5;C0091;25
2025;5;C0092;0
2025;5;C0093;16
2025;5;C0094;16
2025;5;C0098;0
2025;5;C0100;20
2025;5;C0101;16
2025;5;C0103;0
2025;5;C0104;22
2025;5;C0106;27
2025;5;C0107;25
2025;5;C0108;21
2025;5;C0109;26
2025;5;C0110;16
2025;5;C0111;21
2025;5;C0112;24
2025;5;C0113;24
2025;5;C0114;23
2025;5;C0115;20
2025;5;C0116;23
2025;5;C0117;25
2025;5;C0118;27
2025;5;C0119;24
2025;5;C0120;19
2025;5;C0121;14
2025;5;C0123;13
2025;5;C0124;21
2025;5;C0125;15
2025;5;C0126;22
2025;5;C0127;18
2025;5;C0130;18
2025;5;C0131;24
2025;5;C0132;19
2025;5;C0133;26
2025;5;C0134;20
2025;5;C0135;21
2025;5;C0136;26
2025;5;C0137;0
2025;5;C0139;21
2025;5;C0140;18
2025;5;C0141;24
2025;5;C0143;20
2025;5;C0144;25
2025;5;C0145;15
2025;5;C0146;26
2025;5;C0147;23
2025;5;C0148;13
2025;5;C0149;16
2025;5;C0150;23
2025;5;C0151;19
2025;5;C0152;20
2025;5;C0153;20
2025;5;C0154;0
2025;5;C0155;23
2025;5;C0156;20
2025;5;C0157;14
2025;5;C0158;13
2025;5;C0159;14
2025;5;C0160;26
2025;5;C0161;16
2025;5;C0162;17
2025;5;C0163;21
2025;5;C0164;24
2025;5;C0165;27
2025;5;C0167;24
2025;5;C0168;15
2025;5;C0170;23
2025;5;C0171;19
2025;5;C0172;21
2025;5;C0173;19
2025;5;C0174;14
2025;5;C0176;0
2025;5;C0177;26
2025;5;C0178;22
2025;5;C0179;16
2025;5;C0181;25
2025;5;C0182;27
2025;5;C0183;18
2025;5;C0184;17
2025;5;C0185;15
2025;5;C0186;25
2025;5;C0188;23
2025;5;C0189;18
2025;5;C0190;15
2025;5;C0191;20
2025;5;C0192;0
2025;5;C0193;19
2025;5;C0194;23
2025;5;C0196;16
2025;5;C0197;16
2025;5;C0198;17
2025;5;C0199;15
2025;5;C0200;24
2025;5;C0201;24
2025;5;C0202;19
2025;5;C0203;26
2025;5;C0204;21
2025;5;C0205;26
2025;5;C0206;16
2025;5;C0207;26
2025;5;C0208;20
2025;5;C0209;24
2025;5;C0210;13
2025;5;C0211;21
2025;5;C0212;20
2025;5;C0213;25
2025;5;C0214;26
2025;5;C0215;14
2025;5;C0218;18
2025;5;C0220;14
2025;5;C0221;20
2025;5;C0223;26
2025;5;C0225;19
2025;5;C0228;24
2025;5;C0229;17
2025;5;C0230;17
2025;5;C0231;0
2025;5;C0232;22
2025;5;C0233;19
2025;5;C0234;22
2025;5;C0235;0
2025;5;C0236;22
2025;5;C0237;16
2025;5;C0238;13
2025;5;C0240;16
2025;5;C0241;26
2025;5;C0243;24
2025;5;C0244;18
2025;5;C0246;13
2025;5;C0247;16
2025;5;C0248;0
2025;5;C0249;18
2025;5;C0250;0
2025;5;C0251;20
2025;5;C0252;23
2025;5;C0253;22
2025;5;C0254;23
2025;5;C0255;20
2025;5;C0256;0
2025;5;C0257;26
2025;5;C0258;16
2025;5;C0259;22
2025;5;C0260;26
2025;5;C0261;15
2025;5;C0262;26
2025;5;C0263;0
2025;5;C0264;16
2025;5;C0266;21
2025;5;C0267;0
2025;5;C0268;15
2025;5;C0269;27
2025;5;C0270;16
2025;5;C0272;18
2025;5;C0273;26
2025;5;C0274;20
2025;5;C0275;25
2025;5;C0276;15
2025;5;C0277;23
2025;5;C0280;20
2025;5;C0281;18
2025;5;C0282;20
2025;5;C0283;26
2025;5;C0284;19
2025;5;C0286;21
2025;5;C0287;24
2025;5;C0289;21
2025;5;C0290;24
2025;5;C0291;23
2025;5;C0292;24
2025;5;C0294;23
2025;5;C0296;23
2025;5;C0298;27
2025;5;C0299;21
2025;5;C0300;21
2025;5;C0302;19
2025;5;C0303;24
2025;5;C0304;23
2025;5;C0307;25
2025;5;C0308;27
2025;5;C0310;23
2025;5;C0311;24
2025;5;C0312;24
2025;5;C0314;15
2025;5;C0315;13
2025;5;C0316;23
2025;5;C0317;25
2025;5;C0318;14
2025;5;C0319;18
2025;5;C0320;0
2025;5;C0321;26
2025;5;C0322;22
2025;5;C0323;15
2025;5;C0324;0
2025;5;C0325;24
2025;5;C0326;22
2025;5;C0327;21
2025;5;C0328;24
2025;5;C0329;23
2025;5;C0331;15
2025;5;C0332;16
2025;5;C0333;27
2025;5;C0334;24
2025;5;C0335;21
2025;5;C0336;21
2025;5;C0337;25
2025;5;C0338;15
2025;5;C0339;20
2025;5;C0340;14
2025;5;C0341;25
2025;5;C0342;15
2025;5;C0343;14
2025;5;C0344;24
2025;5;C0345;20
2025;5;C0346;14
2025;5;C0347;15
2025;5;C0349;26
2025;5;C0350;21
2025;6;C0001;13
2025;6;C0002;26
2025;6;C0003;15
2025;6;C0004;14
2025;6;C0005;19
2025;6;C0006;0
2025;6;C0007;25
2025;6;C0008;25
2025;6;C0010;16
2025;6;C0011;0
2025;6;C0012;25
2025;6;C0013;20
2025;6;C0014;20
2025;6;C0015;24
2025;6;C0016;24
2025;6;C0017;23
2025;6;C0018;23
2025;6;C0019;14
2025;6;C0021;19
2025;6;C0022;19
2025;6;C0023;25
2025;6;C0024;19
2025;6;C0025;22
2025;6;C0026;15
2025;6;C0027;23
2025;6;C0028;13
2025;6;C0033;24
2025;6;C0034;18
2025;6;C0035;14
2025;6;C0036;0
2025;6;C0037;13
2025;6;C0038;26
2025;6;C0039;15
2025;6;C0040;18
2025;6;C0041;0
2025;6;C0042;22
2025;6;C0043;24
2025;6;C0044;17
2025;6;C0045;21
2025;6;C0046;17
2025;6;C0048;15
2025;6;C0049;26
2025;6;C0050;20
2025;6;C0051;25
2025;6;C0052;8
2025;6;C0053;26
2025;6;C0054;20
2025;6;C0055;15
2025;6;C0056;0
2025;6;C0057;21
2025;6;C0058;15
2025;6;C0059;24
2025;6;C0060;15
2025;6;C0061;16
2025;6;C0062;24
2025;6;C0063;0
2025;6;C0064;17
2025;6;C0065;22
2025;6;C0066;19
2025;6;C0068;25
2025;6;C0069;13
2025;6;C0070;23
2025;6;C0072;0
2025;6;C0074;25
2025;6;C0075;19
2025;6;C0076;22
2025;6;C0077;23
2025;6;C0079;23
2025;6;C0080;21
2025;6;C0081;24
2025;6;C0082;25
2025;6;C0083;20
2025;6;C0084;26
2025;6;C0086;23
2025;6;C0087;17
2025;6;C0088;26
2025;6;C0089;26
2025;6;C0091;0
2025;6;C0092;0
2025;6;C0093;21
2025;6;C0094;23
2025;6;C0098;25
2025;6;C0100;19
2025;6;C0101;15
2025;6;C0103;0
2025;6;C0104;22
2025;6;C0106;24
2025;6;C0107;17
2025;6;C0108;19
2025;6;C0109;17
2025;6;C0110;21
2025;6;C0111;21
2025;6;C0112;21
2025;6;C0113;16
2025;6;C0114;18
2025;6;C0115;19
2025;6;C0116;25
2025;6;C0117;25
2025;6;C0118;16
2025;6;C0119;23
2025;6;C0120;19
2025;6;C0121;25
2025;6;C0123;15
2025;6;C0124;19
2025;6;C0125;15
2025;6;C0126;18
2025;6;C0127;18
2025;6;C0130;14
2025;6;C0131;21
2025;6;C0132;16
2025;6;C0133;19
2025;6;C0134;17
2025;6;C0135;24
2025;6;C0136;14
2025;6;C0137;0
2025;6;C0139;14
2025;6;C0140;15
2025;6;C0141;20
2025;6;C0143;18
2025;6;C0144;25
2025;6;C0145;20
2025;6;C0146;15
2025;6;C0147;0
2025;6;C0148;22
2025;6;C0149;25
2025;6;C0150;0
2025;6;C0151;24
2025;6;C0152;26
2025;6;C0153;21
2025;6;C0154;17
2025;6;C0155;18
2025;6;C0156;18
2025;6;C0157;25
2025;6;C0158;24
2025;6;C0159;15
2025;6;C0160;13
2025;6;C0161;20
2025;6;C0162;15
2025;6;C0163;20
2025;6;C0164;20
2025;6;C0165;17
2025;6;C0167;22
2025;6;C0168;24
2025;6;C0170;19
2025;6;C0171;19
2025;6;C0172;0
2025;6;C0173;25
2025;6;C0174;17
2025;6;C0176;0
2025;6;C0177;15
2025;6;C0178;23
2025;6;C0179;21
2025;6;C0181;0
2025;6;C0182;14
2025;6;C0183;18
2025;6;C0184;26
2025;6;C0185;14
2025;6;C0186;16
2025;6;C0188;24
2025;6;C0189;24
2025;6;C0190;23
2025;6;C0191;18
2025;6;C0192;14
2025;6;C0193;0
2025;6;C0194;22
2025;6;C0196;17
2025;6;C0197;13
2025;6;C0198;16
2025;6;C0199;15
2025;6;C0200;14
2025;6;C0201;15
2025;6;C0202;22
2025;6;C0203;17
2025;6;C0204;17
2025;6;C0205;19
2025;6;C0206;25
2025;6;C0207;20
2025;6;C0208;25
2025;6;C0209;18
2025;6;C0210;15
2025;6;C0211;19
2025;6;C0212;19
2025;6;C0213;15
2025;6;C0214;16
2025;6;C0215;25
2025;6;C0218;17
2025;6;C0220;15
2025;6;C0221;21
2025;6;C0223;23
2025;6;C0225;23
2025;6;C0228;25
2025;6;C0229;16
2025;6;C0230;22
2025;6;C0231;0
2025;6;C0232;19
2025;6;C0233;16
2025;6;C0234;15
2025;6;C0235;22
2025;6;C0236;13
2025;6;C0237;15
2025;6;C0238;13
2025;6;C0240;22
2025;6;C0241;21
2025;6;C0243;16
2025;6;C0244;20
2025;6;C0246;16
2025;6;C0247;0
2025;6;C0248;20
2025;6;C0249;15
2025;6;C0250;22
2025;6;C0251;19
2025;6;C0252;23
2025;6;C0253;14
2025;6;C0254;21
2025;6;C0255;21
2025;6;C0256;0
2025;6;C0257;19
2025;6;C0258;23
2025;6;C0259;25
2025;6;C0260;15
2025;6;C0261;15
2025;6;C0262;13
2025;6;C0263;16
2025;6;C0264;24
2025;6;C0266;21
2025;6;C0267;0
2025;6;C0268;17
2025;6;C0269;26
2025;6;C0270;24
2025;6;C0272;14
2025;6;C0273;14
2025;6;C0274;21
2025;6;C0275;16
2025;6;C0276;14
2025;6;C0277;20
2025;6;C0280;13
2025;6;C0281;17
2025;6;C0282;24
2025;6;C0283;24
2025;6;C0284;15
2025;6;C0286;26
2025;6;C0287;21
2025;6;C0289;19
2025;6;C0290;22
2025;6;C0291;21
2025;6;C0292;24
2025;6;C0294;13
2025;6;C0296;26
2025;6;C0298;24
2025;6;C0299;15
2025;6;C0300;17
2025;6;C0302;14
2025;6;C0303;0
2025;6;C0304;18
2025;6;C0307;14
2025;6;C0308;20
2025;6;C0310;13
2025;6;C0311;25
2025;6;C0312;16
2025;6;C0314;18
2025;6;C0315;16
2025;6;C0316;0
2025;6;C0317;23
2025;6;C0318;20
2025;6;C0319;13
2025;6;C0320;0
2025;6;C0321;22
2025;6;C0322;20
2025;6;C0323;21
2025;6;C0324;15
2025;6;C0325;15
2025;6;C0326;21
2025;6;C0327;17
2025;6;C0328;25
2025;6;C0329;22
2025;6;C0331;13
2025;6;C0332;18
2025;6;C0333;22
2025;6;C0334;13
2025;6;C0335;24
2025;6;C0336;22
2025;6;C0337;21
2025;6;C0338;24
2025;6;C0339;23
2025;6;C0340;23
2025;6;C0341;0
2025;6;C0342;25
2025;6;C0343;17
2025;6;C0344;15
2025;6;C0345;23
2025;6;C0346;14
2025;6;C0347;24
2025;6;C0349;16
2025;6;C0350;14
2025;7;C0001;27
2025;7;C0002;15
2025;7;C0003;22
2025;7;C0004;14
2025;7;C0005;14
2025;7;C0006;22
2025;7;C0007;22
2025;7;C0008;16
2025;7;C0010;0
2025;7;C0011;17
2025;7;C0012;21
2025;7;C0013;20
2025;7;C0014;17
2025;7;C0015;15
2025;7;C0016;19
2025;7;C0017;20
2025;7;C0018;22
2025;7;C0019;20
2025;7;C0021;24
2025;7;C0022;17
2025;7;C0023;24
2025;7;C0024;27
2025;7;C0025;24
2025;7;C0026;14
2025;7;C0027;22
2025;7;C0028;14
2025;7;C0033;14
2025;7;C0034;25
2025;7;C0035;16
2025;7;C0036;25
2025;7;C0037;23
2025;7;C0038;24
2025;7;C0039;20
2025;7;C0040;19
2025;7;C0041;23
2025;7;C0042;0
2025;7;C0043;15
2025;7;C0044;16
2025;7;C0045;24
2025;7;C0046;26
2025;7;C0048;20
2025;7;C0049;26
2025;7;C0050;13
2025;7;C0051;0
2025;7;C0052;0
2025;7;C0053;25
2025;7;C0054;21
2025;7;C0055;17
2025;7;C0056;0
2025;7;C0057;19
2025;7;C0058;25
2025;7;C0059;25
2025;7;C0060;16
2025;7;C0061;25
2025;7;C0062;19
2025;7;C0063;0
2025;7;C0064;24
2025;7;C0065;18
2025;7;C0066;22
2025;7;C0068;21
2025;7;C0069;23
2025;7;C0070;18
2025;7;C0072;0
2025;7;C0074;15
2025;7;C0075;17
2025;7;C0076;18
2025;7;C0077;16
2025;7;C0079;14
2025;7;C0080;15
2025;7;C0081;23
2025;7;C0082;23
2025;7;C0083;19
2025;7;C0084;20
2025;7;C0086;17
2025;7;C0087;16
2025;7;C0088;15
2025;7;C0089;18
2025;7;C0091;18
2025;7;C0092;0
2025;7;C0093;25
2025;7;C0094;19
2025;7;C0098;20
2025;7;C0100;23
2025;7;C0101;20
2025;7;C0103;0
2025;7;C0104;23
2025;7;C0106;20
2025;7;C0107;14
2025;7;C0108;0
2025;7;C0109;26
2025;7;C0110;0
2025;7;C0111;16
2025;7;C0112;26
2025;7;C0113;26
2025;7;C0114;14
2025;7;C0115;21
2025;7;C0116;19
2025;7;C0117;20
2025;7;C0118;17
2025;7;C0119;0
2025;7;C0120;26
2025;7;C0121;24
2025;7;C0123;24
2025;7;C0124;22
2025;7;C0125;0
2025;7;C0126;16
2025;7;C0127;24
2025;7;C0130;17
2025;7;C0131;24
2025;7;C0132;21
2025;7;C0133;0
2025;7;C0134;14
2025;7;C0135;22
2025;7;C0136;23
2025;7;C0137;24
2025;7;C0139;25
2025;7;C0140;19
2025;7;C0141;22
2025;7;C0143;24
2025;7;C0144;23
2025;7;C0145;17
2025;7;C0146;16
2025;7;C0147;0
2025;7;C0148;26
2025;7;C0149;26
2025;7;C0150;25
2025;7;C0151;17
2025;7;C0152;17
2025;7;C0153;13
2025;7;C0154;0
2025;7;C0155;20
2025;7;C0156;15
2025;7;C0157;21
2025;7;C0158;16
2025;7;C0159;24
2025;7;C0160;23
2025;7;C0161;26
2025;7;C0162;0
2025;7;C0163;15
2025;7;C0164;17
2025;7;C0165;27
2025;7;C0167;23
2025;7;C0168;20
2025;7;C0170;20
2025;7;C0171;23
2025;7;C0172;0
2025;7;C0173;18
2025;7;C0174;25
2025;7;C0176;0
2025;7;C0177;25
2025;7;C0178;18
2025;7;C0179;18
2025;7;C0181;16
2025;7;C0182;25
2025;7;C0183;18
2025;7;C0184;27
2025;7;C0185;15
2025;7;C0186;14
2025;7;C0188;21
2025;7;C0189;26
2025;7;C0190;20
2025;7;C0191;21
2025;7;C0192;26
2025;7;C0193;0
2025;7;C0194;22
2025;7;C0196;13
2025;7;C0197;13
2025;7;C0198;15
2025;7;C0199;0
2025;7;C0200;22
2025;7;C0201;21
2025;7;C0202;18
2025;7;C0203;0
2025;7;C0204;24
2025;7;C0205;22
2025;7;C0206;17
2025;7;C0207;0
2025;7;C0208;24
2025;7;C0209;22
2025;7;C0210;18
2025;7;C0211;15
2025;7;C0212;26
2025;7;C0213;14
2025;7;C0214;24
2025;7;C0215;20
2025;7;C0218;14
2025;7;C0220;26
2025;7;C0221;14
2025;7;C0223;23
2025;7;C0225;18
2025;7;C0228;20
2025;7;C0229;19
2025;7;C0230;25
2025;7;C0231;0
2025;7;C0232;17
2025;7;C0233;21
2025;7;C0234;16
2025;7;C0235;0
2025;7;C0236;20
2025;7;C0237;27
2025;7;C0238;24
2025;7;C0240;17
2025;7;C0241;14
2025;7;C0243;27
2025;7;C0244;17
2025;7;C0246;19
2025;7;C0247;21
2025;7;C0248;16
2025;7;C0249;23
2025;7;C0250;0
2025;7;C0251;14
2025;7;C0252;20
2025;7;C0253;23
2025;7;C0254;19
2025;7;C0255;0
2025;7;C0256;0
2025;7;C0257;17
2025;7;C0258;23
2025;7;C0259;26
2025;7;C0260;20
2025;7;C0261;16
2025;7;C0262;19
2025;7;C0263;15
2025;7;C0264;21
2025;7;C0266;20
2025;7;C0267;0
2025;7;C0268;15
2025;7;C0269;14
2025;7;C0270;19
2025;7;C0272;23
2025;7;C0273;19
2025;7;C0274;26
2025;7;C0275;19
2025;7;C0276;0
2025;7;C0277;23
2025;7;C0280;25
2025;7;C0281;0
2025;7;C0282;19
2025;7;C0283;27
2025;7;C0284;27
2025;7;C0286;19
2025;7;C0287;27
2025;7;C0289;18
2025;7;C0290;15
2025;7;C0291;16
2025;7;C0292;17
2025;7;C0294;24
2025;7;C0296;14
2025;7;C0298;21
2025;7;C0299;14
2025;7;C0300;22
2025;7;C0302;16
2025;7;C0303;0
2025;7;C0304;21
2025;7;C0307;0
2025;7;C0308;21
2025;7;C0310;27
2025;7;C0311;19
2025;7;C0312;16
2025;7;C0314;24
2025;7;C0315;22
2025;7;C0316;15
2025;7;C0317;16
2025;7;C0318;18
2025;7;C0319;19
2025;7;C0320;0
2025;7;C0321;13
2025;7;C0322;17
2025;7;C0323;18
2025;7;C0324;0
2025;7;C0325;18
2025;7;C0326;14
2025;7;C0327;0
2025;7;C0328;14
2025;7;C0329;0
2025;7;C0331;20
2025;7;C0332;19
2025;7;C0333;16
2025;7;C0334;24
2025;7;C0335;16
2025;7;C0336;17
2025;7;C0337;22
2025;7;C0338;20
2025;7;C0339;27
2025;7;C0340;24
2025;7;C0341;24
2025;7;C0342;20
2025;7;C0343;24
2025;7;C0344;14
2025;7;C0345;26
2025;7;C0346;24
2025;7;C0347;22
2025;7;C0349;16
2025;7;C0350;23
2025;8;C0001;17
2025;8;C0002;23
2025;8;C0003;18
2025;8;C0004;18
2025;8;C0005;21
2025;8;C0006;25
2025;8;C0007;18
2025;8;C0008;26
2025;8;C0010;25
2025;8;C0011;19
2025;8;C0012;0
2025;8;C0013;13
2025;8;C0014;13
2025;8;C0015;21
2025;8;C0016;16
2025;8;C0017;18
2025;8;C0018;27
2025;8;C0019;20
2025;8;C0021;27
2025;8;C0022;15
2025;8;C0023;17
2025;8;C0024;19
2025;8;C0025;21
2025;8;C0026;21
2025;8;C0027;25
2025;8;C0028;27
2025;8;C0033;19
2025;8;C0034;24
2025;8;C0035;22
2025;8;C0036;21
2025;8;C0037;26
2025;8;C0038;23
2025;8;C0039;14
2025;8;C0040;16
2025;8;C0041;23
2025;8;C0042;25
2025;8;C0043;19
2025;8;C0044;16
2025;8;C0045;21
2025;8;C0046;24
2025;8;C0048;18
2025;8;C0049;22
2025;8;C0050;20
2025;8;C0051;27
2025;8;C0052;0
2025;8;C0053;25
2025;8;C0054;22
2025;8;C0055;24
2025;8;C0056;0
2025;8;C0057;17
2025;8;C0058;15
2025;8;C0059;22
2025;8;C0060;14
2025;8;C0061;18
2025;8;C0062;25
2025;8;C0063;0
2025;8;C0064;19
2025;8;C0065;13
2025;8;C0066;0
2025;8;C0068;18
2025;8;C0069;25
2025;8;C0070;20
2025;8;C0072;0
2025;8;C0074;25
2025;8;C0075;17
2025;8;C0076;18
2025;8;C0077;21
2025;8;C0079;27
2025;8;C0080;15
2025;8;C0081;23
2025;8;C0082;22
2025;8;C0083;13
2025;8;C0084;0
2025;8;C0086;19
2025;8;C0087;15
2025;8;C0088;0
2025;8;C0089;0
2025;8;C0091;0
2025;8;C0092;0
2025;8;C0093;14
2025;8;C0094;14
2025;8;C0098;26
2025;8;C0100;20
2025;8;C0101;14
2025;8;C0103;0
2025;8;C0104;19
2025;8;C0106;18
2025;8;C0107;24
2025;8;C0108;22
2025;8;C0109;19
2025;8;C0110;25
2025;8;C0111;23
2025;8;C0112;26
2025;8;C0113;16
2025;8;C0114;18
2025;8;C0115;20
2025;8;C0116;14
2025;8;C0117;17
2025;8;C0118;25
2025;8;C0119;0
2025;8;C0120;25
2025;8;C0121;25
2025;8;C0123;20
2025;8;C0124;15
2025;8;C0125;16
2025;8;C0126;22
2025;8;C0127;27
2025;8;C0130;17
2025;8;C0131;16
2025;8;C0132;20
2025;8;C0133;0
2025;8;C0134;24
2025;8;C0135;0
2025;8;C0136;17
2025;8;C0137;0
2025;8;C0139;21
2025;8;C0140;18
2025;8;C0141;16
2025;8;C0143;21
2025;8;C0144;24
2025;8;C0145;17
2025;8;C0146;22
2025;8;C0147;0
2025;8;C0148;18
2025;8;C0149;22
2025;8;C0150;0
2025;8;C0151;27
2025;8;C0152;25
2025;8;C0153;15
2025;8;C0154;22
2025;8;C0155;22
2025;8;C0156;17
2025;8;C0157;15
2025;8;C0158;15
2025;8;C0159;13
2025;8;C0160;19
2025;8;C0161;13
2025;8;C0162;23
2025;8;C0163;15
2025;8;C0164;25
2025;8;C0165;0
2025;8;C0167;16
2025;8;C0168;23
2025;8;C0170;14
2025;8;C0171;24
2025;8;C0172;16
2025;8;C0173;21
2025;8;C0174;15
2025;8;C0176;0
2025;8;C0177;26
2025;8;C0178;17
2025;8;C0179;23
2025;8;C0181;0
2025;8;C0182;0
2025;8;C0183;23
2025;8;C0184;14
2025;8;C0185;22
2025;8;C0186;16
2025;8;C0188;20
2025;8;C0189;20
2025;8;C0190;17
2025;8;C0191;27
2025;8;C0192;19
2025;8;C0193;16
2025;8;C0194;14
2025;8;C0196;23
2025;8;C0197;14
2025;8;C0198;25
2025;8;C0199;0
2025;8;C0200;14
2025;8;C0201;26
2025;8;C0202;20
2025;8;C0203;0
2025;8;C0204;27
2025;8;C0205;20
2025;8;C0206;20
2025;8;C0207;0
2025;8;C0208;0
2025;8;C0209;20
2025;8;C0210;25
2025;8;C0211;16
2025;8;C0212;23
2025;8;C0213;22
2025;8;C0214;14
2025;8;C0215;16
2025;8;C0218;23
2025;8;C0220;26
2025;8;C0221;13
2025;8;C0223;16
2025;8;C0225;26
2025;8;C0228;18
2025;8;C0229;17
2025;8;C0230;21
2025;8;C0231;0
2025;8;C0232;16
2025;8;C0233;21
2025;8;C0234;14
2025;8;C0235;0
2025;8;C0236;17
2025;8;C0237;25
2025;8;C0238;15
2025;8;C0240;19
2025;8;C0241;25
2025;8;C0243;26
2025;8;C0244;14
2025;8;C0246;17
2025;8;C0247;19
2025;8;C0248;0
2025;8;C0249;19
2025;8;C0250;0
2025;8;C0251;25
2025;8;C0252;23
2025;8;C0253;25
2025;8;C0254;25
2025;8;C0255;22
2025;8;C0256;0
2025;8;C0257;14
2025;8;C0258;20
2025;8;C0259;25
2025;8;C0260;18
2025;8;C0261;25
2025;8;C0262;14
2025;8;C0263;27
2025;8;C0264;19
2025;8;C0266;26
2025;8;C0267;0
2025;8;C0268;13
2025;8;C0269;24
2025;8;C0270;24
2025;8;C0272;25
2025;8;C0273;22
2025;8;C0274;13
2025;8;C0275;18
2025;8;C0276;23
2025;8;C0277;26
2025;8;C0280;15
2025;8;C0281;0
2025;8;C0282;25
2025;8;C0283;26
2025;8;C0284;0
2025;8;C0286;26
2025;8;C0287;25
2025;8;C0289;27
2025;8;C0290;24
2025;8;C0291;19
2025;8;C0292;18
2025;8;C0294;16
2025;8;C0296;13
2025;8;C0298;20
2025;8;C0299;14
2025;8;C0300;23
2025;8;C0302;15
2025;8;C0303;25
2025;8;C0304;21
2025;8;C0307;14
2025;8;C0308;15
2025;8;C0310;23
2025;8;C0311;23
2025;8;C0312;25
2025;8;C0314;18
2025;8;C0315;18
2025;8;C0316;22
2025;8;C0317;15
2025;8;C0318;25
2025;8;C0319;15
2025;8;C0320;6
2025;8;C0321;24
2025;8;C0322;15
2025;8;C0323;27
2025;8;C0324;22
2025;8;C0325;18
2025;8;C0326;16
2025;8;C0327;0
2025;8;C0328;20
2025;8;C0329;0
2025;8;C0331;26
2025;8;C0332;23
2025;8;C0333;20
2025;8;C0334;15
2025;8;C0335;19
2025;8;C0336;0
2025;8;C0337;22
2025;8;C0338;18
2025;8;C0339;17
2025;8;C0340;24
2025;8;C0341;25
2025;8;C0342;26
2025;8;C0343;20
2025;8;C0344;19
2025;8;C0345;24
2025;8;C0346;13
2025;8;C0347;15
2025;8;C0349;16
2025;8;C0350;13
2025;9;C0001;21
2025;9;C0002;16
2025;9;C0003;15
2025;9;C0004;19
2025;9;C0005;24
2025;9;C0006;26
2025;9;C0007;13
2025;9;C0008;18
2025;9;C0010;17
2025;9;C0012;20
2025;9;C0013;26
2025;9;C0014;20
2025;9;C0015;23
2025;9;C0016;20
2025;9;C0017;13
2025;9;C0018;22
2025;9;C0019;18
2025;9;C0021;24
2025;9;C0022;26
2025;9;C0023;15
2025;9;C0024;23
2025;9;C0025;18
2025;9;C0026;14
2025;9;C0027;16
2025;9;C0028;17
2025;9;C0033;18
2025;9;C0034;24
2025;9;C0035;24
2025;9;C0036;14
2025;9;C0037;19
2025;9;C0038;24
2025;9;C0039;0
2025;9;C0040;25
2025;9;C0041;15
2025;9;C0042;18
2025;9;C0043;22
2025;9;C0044;22
2025;9;C0045;23
2025;9;C0046;22
2025;9;C0048;16
2025;9;C0049;20
2025;9;C0050;13
2025;9;C0051;20
2025;9;C0052;0
2025;9;C0053;14
2025;9;C0054;14
2025;9;C0055;14
2025;9;C0056;0
2025;9;C0057;14
2025;9;C0058;24
2025;9;C0059;25
2025;9;C0060;24
2025;9;C0061;20
2025;9;C0062;18
2025;9;C0063;0
2025;9;C0064;20
2025;9;C0065;24
2025;9;C0066;24
2025;9;C0068;16
2025;9;C0069;25
2025;9;C0070;22
2025;9;C0072;0
2025;9;C0074;26
2025;9;C0075;16
2025;9;C0076;26
2025;9;C0077;20
2025;9;C0079;20
2025;9;C0080;15
2025;9;C0081;21
2025;9;C0082;21
2025;9;C0083;18
2025;9;C0084;14
2025;9;C0087;0
2025;9;C0088;18
2025;9;C0089;0
2025;9;C0091;0
2025;9;C0092;0
2025;9;C0093;25
2025;9;C0094;20
2025;9;C0098;13
2025;9;C0100;19
2025;9;C0101;20
2025;9;C0102;0
2025;9;C0103;0
2025;9;C0104;19
2025;9;C0106;20
2025;9;C0107;15
2025;9;C0108;0
2025;9;C0109;16
2025;9;C0110;26
2025;9;C0111;18
2025;9;C0112;13
2025;9;C0113;18
2025;9;C0114;13
2025;9;C0115;0
2025;9;C0116;0
2025;9;C0117;22
2025;9;C0118;18
2025;9;C0119;20
2025;9;C0120;21
2025;9;C0121;23
2025;9;C0123;17
2025;9;C0124;13
2025;9;C0125;23
2025;9;C0126;24
2025;9;C0127;22
2025;9;C0130;26
2025;9;C0131;21
2025;9;C0132;19
2025;9;C0133;17
2025;9;C0134;14
2025;9;C0135;24
2025;9;C0136;25
2025;9;C0137;0
2025;9;C0138;22
2025;9;C0139;17
2025;9;C0140;14
2025;9;C0141;22
2025;9;C0143;16
2025;9;C0144;18
2025;9;C0145;13
2025;9;C0146;15
2025;9;C0147;0
2025;9;C0148;20
2025;9;C0149;17
2025;9;C0150;23
2025;9;C0151;17
2025;9;C0152;20
2025;9;C0153;20
2025;9;C0154;13
2025;9;C0155;17
2025;9;C0156;22
2025;9;C0157;25
2025;9;C0158;16
2025;9;C0159;24
2025;9;C0160;17
2025;9;C0161;14
2025;9;C0162;0
2025;9;C0163;0
2025;9;C0164;24
2025;9;C0165;0
2025;9;C0166;0
2025;9;C0167;15
2025;9;C0168;17
2025;9;C0170;24
2025;9;C0171;25
2025;9;C0172;0
2025;9;C0173;15
2025;9;C0174;22
2025;9;C0176;0
2025;9;C0177;25
2025;9;C0178;22
2025;9;C0179;19
2025;9;C0180;19
2025;9;C0181;22
2025;9;C0182;17
2025;9;C0183;23
2025;9;C0184;21
2025;9;C0185;17
2025;9;C0186;14
2025;9;C0188;25
2025;9;C0189;25
2025;9;C0190;13
2025;9;C0191;13
2025;9;C0192;0
2025;9;C0193;20
2025;9;C0194;15
2025;9;C0196;16
2025;9;C0197;18
2025;9;C0198;23
2025;9;C0199;18
2025;9;C0200;21
2025;9;C0201;19
2025;9;C0202;16
2025;9;C0203;0
2025;9;C0204;18
2025;9;C0205;26
2025;9;C0206;15
2025;9;C0207;0
2025;9;C0208;25
2025;9;C0209;23
2025;9;C0210;19
2025;9;C0211;14
2025;9;C0212;24
2025;9;C0213;22
2025;9;C0214;25
2025;9;C0215;20
2025;9;C0218;24
2025;9;C0220;17
2025;9;C0221;24
2025;9;C0223;17
2025;9;C0224;19
2025;9;C0225;14
2025;9;C0228;18
2025;9;C0229;13
2025;9;C0230;21
2025;9;C0231;0
2025;9;C0232;13
2025;9;C0233;25
2025;9;C0234;21
2025;9;C0235;13
2025;9;C0236;14
2025;9;C0237;21
2025;9;C0238;13
2025;9;C0240;19
2025;9;C0241;20
2025;9;C0243;19
2025;9;C0244;0
2025;9;C0246;15
2025;9;C0247;16
2025;9;C0248;24
2025;9;C0249;24
2025;9;C0250;18
2025;9;C0251;16
2025;9;C0252;23
2025;9;C0253;20
2025;9;C0254;19
2025;9;C0255;17
2025;9;C0256;0
2025;9;C0257;22
2025;9;C0258;25
2025;9;C0259;0
2025;9;C0260;17
2025;9;C0261;14
2025;9;C0262;17
2025;9;C0263;0
2025;9;C0264;13
2025;9;C0266;25
2025;9;C0267;0
2025;9;C0268;21
2025;9;C0269;16
2025;9;C0270;25
2025;9;C0272;13
2025;9;C0273;15
2025;9;C0274;17
2025;9;C0275;13
2025;9;C0276;0
2025;9;C0277;22
2025;9;C0280;16
2025;9;C0281;16
2025;9;C0282;22
2025;9;C0283;24
2025;9;C0284;18
2025;9;C0286;14
2025;9;C0287;20
2025;9;C0289;26
2025;9;C0290;24
2025;9;C0291;23
2025;9;C0292;26
2025;9;C0294;13
2025;9;C0296;22
2025;9;C0297;13
2025;9;C0298;19
2025;9;C0299;20
2025;9;C0300;25
2025;9;C0302;19
2025;9;C0303;20
2025;9;C0304;20
2025;9;C0307;14
2025;9;C0308;14
2025;9;C0310;24
2025;9;C0311;19
2025;9;C0312;18
2025;9;C0314;24
2025;9;C0315;26
2025;9;C0316;21
2025;9;C0317;21
2025;9;C0318;16
2025;9;C0319;19
2025;9;C0320;0
2025;9;C0321;15
2025;9;C0322;22
2025;9;C0323;16
2025;9;C0324;15
2025;9;C0325;13
2025;9;C0326;18
2025;9;C0327;0
2025;9;C0328;13
2025;9;C0329;0
2025;9;C0331;22
2025;9;C0332;21
2025;9;C0333;20
2025;9;C0334;16
2025;9;C0335;13
2025;9;C0336;18
2025;9;C0337;20
2025;9;C0338;22
2025;9;C0339;13
2025;9;C0340;21
2025;9;C0341;0
2025;9;C0342;16
2025;9;C0343;20
2025;9;C0344;23
2025;9;C0345;18
2025;9;C0346;25
2025;9;C0347;20
2025;9;C0349;23
2025;9;C0350;18
2025;10;C0001;24
2025;10;C0002;23
2025;10;C0003;24
2025;10;C0004;25
2025;10;C0005;14
2025;10;C0006;20
2025;10;C0007;13
2025;10;C0008;25
2025;10;C0009;19
2025;10;C0010;0
2025;10;C0012;16
2025;10;C0013;17
2025;10;C0014;22
2025;10;C0015;21
2025;10;C0016;23
2025;10;C0017;17
2025;10;C0018;22
2025;10;C0019;19
2025;10;C0021;25
2025;10;C0022;26
2025;10;C0023;17
2025;10;C0024;20
2025;10;C0025;25
2025;10;C0026;24
2025;10;C0027;22
2025;10;C0028;18
2025;10;C0033;23
2025;10;C0034;21
2025;10;C0035;20
2025;10;C0036;27
2025;10;C0037;17
2025;10;C0038;17
2025;10;C0039;0
2025;10;C0040;19
2025;10;C0041;16
2025;10;C0042;20
2025;10;C0043;27
2025;10;C0044;26
2025;10;C0045;18
2025;10;C0046;22
2025;10;C0048;19
2025;10;C0049;18
2025;10;C0050;22
2025;10;C0051;0
2025;10;C0052;0
2025;10;C0053;20
2025;10;C0054;24
2025;10;C0055;23
2025;10;C0056;0
2025;10;C0057;22
2025;10;C0058;16
2025;10;C0059;22
2025;10;C0060;0
2025;10;C0061;22
2025;10;C0062;21
2025;10;C0063;10
2025;10;C0064;20
2025;10;C0065;23
2025;10;C0066;17
2025;10;C0068;0
2025;10;C0069;20
2025;10;C0070;24
2025;10;C0072;0
2025;10;C0074;16
2025;10;C0075;14
2025;10;C0076;17
2025;10;C0077;22
2025;10;C0079;23
2025;10;C0080;15
2025;10;C0081;27
2025;10;C0082;27
2025;10;C0083;25
2025;10;C0084;0
2025;10;C0087;26
2025;10;C0088;20
2025;10;C0089;0
2025;10;C0091;0
2025;10;C0092;0
2025;10;C0093;15
2025;10;C0094;16
2025;10;C0098;26
2025;10;C0099;24
2025;10;C0100;18
2025;10;C0101;21
2025;10;C0102;0
2025;10;C0103;0
2025;10;C0104;21
2025;10;C0106;24
2025;10;C0107;21
2025;10;C0108;14
2025;10;C0109;16
2025;10;C0110;15
2025;10;C0111;22
2025;10;C0112;25
2025;10;C0113;0
2025;10;C0114;20
2025;10;C0115;16
2025;10;C0116;27
2025;10;C0117;25
2025;10;C0118;23
2025;10;C0119;22
2025;10;C0120;19
2025;10;C0121;21
2025;10;C0123;18
2025;10;C0124;13
2025;10;C0125;0
2025;10;C0126;24
2025;10;C0127;22
2025;10;C0130;19
2025;10;C0131;18
2025;10;C0132;24
2025;10;C0133;0
2025;10;C0134;0
2025;10;C0135;26
2025;10;C0136;16
2025;10;C0137;15
2025;10;C0138;17
2025;10;C0139;21
2025;10;C0140;22
2025;10;C0141;22
2025;10;C0143;17
2025;10;C0144;23
2025;10;C0145;17
2025;10;C0146;16
2025;10;C0147;0
2025;10;C0148;26
2025;10;C0149;16
2025;10;C0150;0
2025;10;C0151;14
2025;10;C0152;14
2025;10;C0153;21
2025;10;C0154;16
2025;10;C0155;25
2025;10;C0156;25
2025;10;C0157;14
2025;10;C0158;19
2025;10;C0159;17
2025;10;C0160;21
2025;10;C0161;22
2025;10;C0162;14
2025;10;C0163;23
2025;10;C0164;18
2025;10;C0165;23
2025;10;C0166;0
2025;10;C0167;15
2025;10;C0168;18
2025;10;C0170;21
2025;10;C0171;21
2025;10;C0172;0
2025;10;C0173;17
2025;10;C0174;19
2025;10;C0176;0
2025;10;C0177;25
2025;10;C0178;14
2025;10;C0179;26
2025;10;C0180;13
2025;10;C0181;19
2025;10;C0182;26
2025;10;C0183;15
2025;10;C0184;14
2025;10;C0185;14
2025;10;C0186;21
2025;10;C0188;21
2025;10;C0189;14
2025;10;C0190;18
2025;10;C0191;19
2025;10;C0192;22
2025;10;C0193;0
2025;10;C0194;24
2025;10;C0196;15
2025;10;C0197;16
2025;10;C0198;27
2025;10;C0199;22
2025;10;C0200;22
2025;10;C0201;26
2025;10;C0202;17
2025;10;C0203;16
2025;10;C0204;14
2025;10;C0205;13
2025;10;C0206;22
2025;10;C0207;0
2025;10;C0208;14
2025;10;C0209;20
2025;10;C0210;26
2025;10;C0211;24
2025;10;C0212;0
2025;10;C0213;19
2025;10;C0214;25
2025;10;C0215;19
2025;10;C0216;26
2025;10;C0218;14
2025;10;C0219;24
2025;10;C0220;25
2025;10;C0221;22
2025;10;C0223;19
2025;10;C0224;0
2025;10;C0225;16
2025;10;C0228;18
2025;10;C0229;25
2025;10;C0230;18
2025;10;C0231;0
2025;10;C0232;21
2025;10;C0233;14
2025;10;C0234;22
2025;10;C0235;22
2025;10;C0236;22
2025;10;C0237;14
2025;10;C0238;16
2025;10;C0240;26
2025;10;C0241;16
2025;10;C0243;23
2025;10;C0244;18
2025;10;C0246;26
2025;10;C0247;14
2025;10;C0248;22
2025;10;C0249;25
2025;10;C0250;13
2025;10;C0251;21
2025;10;C0252;17
2025;10;C0253;14
2025;10;C0254;17
2025;10;C0255;23
2025;10;C0256;0
2025;10;C0257;17
2025;10;C0258;26
2025;10;C0259;19
2025;10;C0260;17
2025;10;C0261;24
2025;10;C0262;22
2025;10;C0263;14
2025;10;C0264;18
2025;10;C0266;15
2025;10;C0267;0
2025;10;C0268;17
2025;10;C0269;27
2025;10;C0270;22
2025;10;C0272;24
2025;10;C0273;19
2025;10;C0274;27
2025;10;C0275;22
2025;10;C0276;15
2025;10;C0277;20
2025;10;C0278;0
2025;10;C0280;26
2025;10;C0281;15
2025;10;C0282;16
2025;10;C0283;14
2025;10;C0284;22
2025;10;C0286;24
2025;10;C0287;18
2025;10;C0289;18
2025;10;C0290;22
2025;10;C0291;18
2025;10;C0292;13
2025;10;C0294;18
2025;10;C0296;25
2025;10;C0297;26
2025;10;C0298;0
2025;10;C0299;19
2025;10;C0300;21
2025;10;C0302;22
2025;10;C0303;17
2025;10;C0304;19
2025;10;C0307;16
2025;10;C0308;24
2025;10;C0310;26
2025;10;C0311;14
2025;10;C0312;19
2025;10;C0314;13
2025;10;C0315;17
2025;10;C0316;0
2025;10;C0317;27
2025;10;C0318;24
2025;10;C0319;13
2025;10;C0320;0
2025;10;C0321;21
2025;10;C0322;0
2025;10;C0323;22
2025;10;C0324;19
2025;10;C0325;21
2025;10;C0326;20
2025;10;C0327;19
2025;10;C0328;19
2025;10;C0329;20
2025;10;C0331;24
2025;10;C0332;19
2025;10;C0333;24
2025;10;C0334;23
2025;10;C0335;25
2025;10;C0336;0
2025;10;C0337;21
2025;10;C0338;16
2025;10;C0339;18
2025;10;C0340;24
2025;10;C0341;20
2025;10;C0342;17
2025;10;C0343;13
2025;10;C0344;22
2025;10;C0345;14
2025;10;C0346;18
2025;10;C0347;26
2025;10;C0349;15
2025;10;C0350;16
2025;11;C0001;19
2025;11;C0002;14
2025;11;C0003;14
2025;11;C0004;16
2025;11;C0005;15
2025;11;C0006;17
2025;11;C0007;18
2025;11;C0008;19
2025;11;C0009;17
2025;11;C0010;21
2025;11;C0012;21
2025;11;C0013;17
2025;11;C0014;19
2025;11;C0015;13
2025;11;C0016;13
2025;11;C0017;22
2025;11;C0018;24
2025;11;C0019;21
2025;11;C0020;13
2025;11;C0021;18
2025;11;C0022;24
2025;11;C0023;24
2025;11;C0024;19
2025;11;C0025;16
2025;11;C0026;17
2025;11;C0027;13
2025;11;C0028;23
2025;11;C0033;14
2025;11;C0034;15
2025;11;C0035;23
2025;11;C0036;19
2025;11;C0037;18
2025;11;C0038;13
2025;11;C0039;18
2025;11;C0040;23
2025;11;C0041;18
2025;11;C0042;26
2025;11;C0043;22
2025;11;C0044;19
2025;11;C0045;0
2025;11;C0046;13
2025;11;C0047;25
2025;11;C0048;25
2025;11;C0049;22
2025;11;C0050;18
2025;11;C0051;22
2025;11;C0052;0
2025;11;C0053;18
2025;11;C0054;20
2025;11;C0055;23
2025;11;C0056;0
2025;11;C0057;24
2025;11;C0058;19
2025;11;C0059;15
2025;11;C0060;26
2025;11;C0061;24
2025;11;C0062;13
2025;11;C0063;0
2025;11;C0064;16
2025;11;C0065;18
2025;11;C0066;17
2025;11;C0068;23
2025;11;C0069;17
2025;11;C0070;25
2025;11;C0071;23
2025;11;C0072;6
2025;11;C0074;21
2025;11;C0075;23
2025;11;C0076;15
2025;11;C0077;17
2025;11;C0079;17
2025;11;C0080;23
2025;11;C0081;24
2025;11;C0082;20
2025;11;C0083;21
2025;11;C0084;15
2025;11;C0087;17
2025;11;C0088;26
2025;11;C0089;17
2025;11;C0091;26
2025;11;C0092;0
2025;11;C0093;14
2025;11;C0094;17
2025;11;C0098;15
2025;11;C0099;18
2025;11;C0100;15
2025;11;C0101;22
2025;11;C0102;15
2025;11;C0103;0
2025;11;C0104;24
2025;11;C0106;26
2025;11;C0107;18
2025;11;C0108;0
2025;11;C0109;19
2025;11;C0110;23
2025;11;C0111;16
2025;11;C0112;18
2025;11;C0113;22
2025;11;C0114;22
2025;11;C0115;0
2025;11;C0116;23
2025;11;C0117;16
2025;11;C0118;20
2025;11;C0119;20
2025;11;C0120;13
2025;11;C0121;16
2025;11;C0122;22
2025;11;C0123;19
2025;11;C0124;17
2025;11;C0125;0
2025;11;C0126;26
2025;11;C0127;16
2025;11;C0130;0
2025;11;C0131;15
2025;11;C0132;13
2025;11;C0133;19
2025;11;C0134;17
2025;11;C0135;0
2025;11;C0136;19
2025;11;C0137;13
2025;11;C0138;26
2025;11;C0139;22
2025;11;C0140;0
2025;11;C0141;23
2025;11;C0143;20
2025;11;C0144;15
2025;11;C0145;16
2025;11;C0146;19
2025;11;C0147;19
2025;11;C0148;20
2025;11;C0149;17
2025;11;C0150;25
2025;11;C0151;13
2025;11;C0152;23
2025;11;C0153;16
2025;11;C0154;24
2025;11;C0155;20
2025;11;C0156;0
2025;11;C0157;24
2025;11;C0158;24
2025;11;C0159;15
2025;11;C0160;18
2025;11;C0161;17
2025;11;C0162;15
2025;11;C0163;14
2025;11;C0164;20
2025;11;C0165;15
2025;11;C0166;0
2025;11;C0167;21
2025;11;C0168;23
2025;11;C0170;20
2025;11;C0171;15
2025;11;C0172;0
2025;11;C0173;13
2025;11;C0174;18
2025;11;C0175;18
2025;11;C0176;19
2025;11;C0177;13
2025;11;C0178;14
2025;11;C0179;24
2025;11;C0180;18
2025;11;C0181;0
2025;11;C0182;20
2025;11;C0183;23
2025;11;C0184;22
2025;11;C0185;18
2025;11;C0186;17
2025;11;C0188;19
2025;11;C0189;17
2025;11;C0190;26
2025;11;C0191;24
2025;11;C0192;0
2025;11;C0193;24
2025;11;C0194;25
2025;11;C0195;0
2025;11;C0196;23
2025;11;C0197;15
2025;11;C0198;25
2025;11;C0199;13
2025;11;C0200;14
2025;11;C0201;21
2025;11;C0202;19
2025;11;C0203;0
2025;11;C0204;21
2025;11;C0205;16
2025;11;C0206;24
2025;11;C0207;0
2025;11;C0208;25
2025;11;C0209;22
2025;11;C0210;20
2025;11;C0211;22
2025;11;C0212;25
2025;11;C0213;17
2025;11;C0214;18
2025;11;C0215;24
2025;11;C0216;25
2025;11;C0218;22
2025;11;C0219;22
2025;11;C0220;14
2025;11;C0221;13
2025;11;C0223;16
2025;11;C0224;0
2025;11;C0225;19
2025;11;C0228;21
2025;11;C0229;0
2025;11;C0230;25
2025;11;C0231;5
2025;11;C0232;14
2025;11;C0233;20
2025;11;C0234;24
2025;11;C0235;16
2025;11;C0236;19
2025;11;C0237;22
2025;11;C0238;14
2025;11;C0240;18
2025;11;C0241;17
2025;11;C0243;16
2025;11;C0244;18
2025;11;C0246;23
2025;11;C0247;23
2025;11;C0248;19
2025;11;C0249;19
2025;11;C0250;21
2025;11;C0251;13
2025;11;C0252;15
2025;11;C0253;21
2025;11;C0254;23
2025;11;C0255;26
2025;11;C0256;0
2025;11;C0257;21
2025;11;C0258;16
2025;11;C0259;20
2025;11;C0260;23
2025;11;C0261;20
2025;11;C0262;26
2025;11;C0263;24
2025;11;C0264;25
2025;11;C0265;22
2025;11;C0266;23
2025;11;C0267;0
2025;11;C0268;19
2025;11;C0269;25
2025;11;C0270;15
2025;11;C0272;25
2025;11;C0273;23
2025;11;C0274;20
2025;11;C0275;15
2025;11;C0276;23
2025;11;C0277;22
2025;11;C0278;0
2025;11;C0281;0
2025;11;C0282;23
2025;11;C0283;26
2025;11;C0284;0
2025;11;C0285;19
2025;11;C0286;20
2025;11;C0287;21
2025;11;C0289;14
2025;11;C0290;23
2025;11;C0291;19
2025;11;C0292;19
2025;11;C0294;25
2025;11;C0296;15
2025;11;C0297;24
2025;11;C0298;0
2025;11;C0299;14
2025;11;C0300;18
2025;11;C0301;24
2025;11;C0302;14
2025;11;C0303;0
2025;11;C0304;22
2025;11;C0307;24
2025;11;C0308;24
2025;11;C0310;13
2025;11;C0311;13
2025;11;C0312;16
2025;11;C0314;17
2025;11;C0315;21
2025;11;C0316;0
2025;11;C0317;24
2025;11;C0318;16
2025;11;C0319;17
2025;11;C0320;0
2025;11;C0321;24
2025;11;C0322;15
2025;11;C0323;22
2025;11;C0324;26
2025;11;C0325;13
2025;11;C0326;23
2025;11;C0327;24
2025;11;C0328;20
2025;11;C0329;0
2025;11;C0331;22
2025;11;C0332;26
2025;11;C0333;16
2025;11;C0334;21
2025;11;C0335;26
2025;11;C0336;17
2025;11;C0337;13
2025;11;C0338;23
2025;11;C0339;15
2025;11;C0340;19
2025;11;C0341;13
2025;11;C0342;17
2025;11;C0343;21
2025;11;C0344;21
2025;11;C0345;14
2025;11;C0346;0
2025;11;C0347;24
2025;11;C0349;14
2025;11;C0350;23
2025;12;C0001;21
2025;12;C0002;22
2025;12;C0003;25
2025;12;C0004;18
2025;12;C0005;24
2025;12;C0006;25
2025;12;C0007;16
2025;12;C0008;26
2025;12;C0009;17
2025;12;C0010;16
2025;12;C0012;14
2025;12;C0013;18
2025;12;C0014;26
2025;12;C0015;22
2025;12;C0016;17
2025;12;C0017;15
2025;12;C0018;27
2025;12;C0019;16
2025;12;C0020;24
2025;12;C0021;17
2025;12;C0022;16
2025;12;C0023;18
2025;12;C0024;14
2025;12;C0025;26
2025;12;C0026;21
2025;12;C0027;20
2025;12;C0028;19
2025;12;C0033;23
2025;12;C0034;19
2025;12;C0035;23
2025;12;C0036;20
2025;12;C0037;16
2025;12;C0038;19
2025;12;C0039;13
2025;12;C0040;22
2025;12;C0041;22
2025;12;C0042;24
2025;12;C0043;16
2025;12;C0044;16
2025;12;C0045;18
2025;12;C0046;14
2025;12;C0047;14
2025;12;C0048;20
2025;12;C0049;14
2025;12;C0050;15
2025;12;C0051;19
2025;12;C0052;0
2025;12;C0053;22
2025;12;C0054;25
2025;12;C0055;14
2025;12;C0056;0
2025;12;C0057;18
2025;12;C0058;18
2025;12;C0059;17
2025;12;C0060;0
2025;12;C0061;16
2025;12;C0062;0
2025;12;C0063;0
2025;12;C0064;24
2025;12;C0065;22
2025;12;C0066;21
2025;12;C0068;16
2025;12;C0069;26
2025;12;C0070;14
2025;12;C0071;23
2025;12;C0072;3
2025;12;C0074;26
2025;12;C0075;21
2025;12;C0076;22
2025;12;C0077;21
2025;12;C0079;26
2025;12;C0080;22
2025;12;C0081;25
2025;12;C0082;0
2025;12;C0083;0
2025;12;C0084;14
2025;12;C0087;17
2025;12;C0088;22
2025;12;C0091;0
2025;12;C0092;0
2025;12;C0093;18
2025;12;C0094;13
2025;12;C0098;18
2025;12;C0099;16
2025;12;C0100;16
2025;12;C0101;19
2025;12;C0102;23
2025;12;C0103;0
2025;12;C0104;14
2025;12;C0106;19
2025;12;C0107;16
2025;12;C0108;0
2025;12;C0109;25
2025;12;C0110;21
2025;12;C0111;16
2025;12;C0112;0
2025;12;C0113;0
2025;12;C0114;16
2025;12;C0115;0
2025;12;C0116;25
2025;12;C0117;19
2025;12;C0118;27
2025;12;C0119;26
2025;12;C0120;17
2025;12;C0121;27
2025;12;C0122;23
2025;12;C0123;18
2025;12;C0124;15
2025;12;C0125;0
2025;12;C0126;26
2025;12;C0127;18
2025;12;C0130;22
2025;12;C0131;22
2025;12;C0132;21
2025;12;C0133;24
2025;12;C0134;17
2025;12;C0135;23
2025;12;C0136;14
2025;12;C0137;15
2025;12;C0138;0
2025;12;C0139;17
2025;12;C0140;18
2025;12;C0141;23
2025;12;C0143;15
2025;12;C0144;20
2025;12;C0145;20
2025;12;C0146;20
2025;12;C0147;0
2025;12;C0148;22
2025;12;C0149;18
2025;12;C0150;17
2025;12;C0151;25
2025;12;C0152;24
2025;12;C0153;24
2025;12;C0154;27
2025;12;C0155;24
2025;12;C0156;20
2025;12;C0157;18
2025;12;C0158;21
2025;12;C0159;13
2025;12;C0160;22
2025;12;C0161;20
2025;12;C0162;0
2025;12;C0163;23
2025;12;C0164;15
2025;12;C0165;22
2025;12;C0166;0
2025;12;C0167;0
2025;12;C0168;20
2025;12;C0170;15
2025;12;C0171;26
2025;12;C0172;0
2025;12;C0173;16
2025;12;C0174;19
2025;12;C0175;22
2025;12;C0176;26
2025;12;C0177;21
2025;12;C0178;15
2025;12;C0179;21
2025;12;C0180;18
2025;12;C0181;19
2025;12;C0182;16
2025;12;C0183;23
2025;12;C0184;19
2025;12;C0185;20
2025;12;C0186;24
2025;12;C0188;22
2025;12;C0189;0
2025;12;C0190;26
2025;12;C0191;22
2025;12;C0192;17
2025;12;C0193;16
2025;12;C0194;13
2025;12;C0195;17
2025;12;C0196;14
2025;12;C0197;25
2025;12;C0198;13
2025;12;C0199;0
2025;12;C0200;16
2025;12;C0201;16
2025;12;C0202;17
2025;12;C0203;0
2025;12;C0204;21
2025;12;C0205;13
2025;12;C0206;23
2025;12;C0207;20
2025;12;C0208;16
2025;12;C0209;18
2025;12;C0210;13
2025;12;C0211;19
2025;12;C0212;24
2025;12;C0213;15
2025;12;C0214;19
2025;12;C0215;18
2025;12;C0216;20
2025;12;C0218;24
2025;12;C0219;0
2025;12;C0220;0
2025;12;C0221;24
2025;12;C0223;14
2025;12;C0224;26
2025;12;C0225;26
2025;12;C0228;0
2025;12;C0229;14
2025;12;C0230;18
2025;12;C0231;0
2025;12;C0232;26
2025;12;C0233;16
2025;12;C0234;20
2025;12;C0235;0
2025;12;C0236;17
2025;12;C0237;19
2025;12;C0238;26
2025;12;C0240;20
2025;12;C0241;19
2025;12;C0242;17
2025;12;C0243;21
2025;12;C0244;14
2025;12;C0245;15
2025;12;C0246;21
2025;12;C0247;24
2025;12;C0248;18
2025;12;C0249;25
2025;12;C0250;24
2025;12;C0251;22
2025;12;C0252;15
2025;12;C0253;26
2025;12;C0254;24
2025;12;C0255;0
2025;12;C0256;0
2025;12;C0257;16
2025;12;C0258;0
2025;12;C0259;15
2025;12;C0260;14
2025;12;C0261;26
2025;12;C0262;14
2025;12;C0263;15
2025;12;C0264;20
2025;12;C0265;18
2025;12;C0266;26
2025;12;C0267;0
2025;12;C0268;20
2025;12;C0269;25
2025;12;C0270;18
2025;12;C0272;21
2025;12;C0273;26
2025;12;C0274;25
2025;12;C0275;15
2025;12;C0276;14
2025;12;C0277;18
2025;12;C0278;0
2025;12;C0281;0
2025;12;C0282;22
2025;12;C0283;25
2025;12;C0284;19
2025;12;C0285;26
2025;12;C0286;26
2025;12;C0287;26
2025;12;C0289;18
2025;12;C0290;19
2025;12;C0291;20
2025;12;C0292;19
2025;12;C0294;15
2025;12;C0296;26
2025;12;C0297;20
2025;12;C0298;26
2025;12;C0299;19
2025;12;C0300;13
2025;12;C0301;24
2025;12;C0302;19
2025;12;C0303;22
2025;12;C0304;19
2025;12;C0307;0
2025;12;C0308;23
2025;12;C0310;25
2025;12;C0311;22
2025;12;C0312;18
2025;12;C0314;21
2025;12;C0315;19
2025;12;C0316;0
2025;12;C0317;13
2025;12;C0318;18
2025;12;C0319;23
2025;12;C0320;0
2025;12;C0321;17
2025;12;C0322;15
2025;12;C0323;27
2025;12;C0324;24
2025;12;C0325;19
2025;12;C0326;15
2025;12;C0327;14
2025;12;C0328;27
2025;12;C0329;0
2025;12;C0331;22
2025;12;C0332;0
2025;12;C0333;19
2025;12;C0334;20
2025;12;C0335;19
2025;12;C0336;23
2025;12;C0337;13
2025;12;C0338;20
2025;12;C0339;13
2025;12;C0340;25
2025;12;C0341;25
2025;12;C0342;23
2025;12;C0343;17
2025;12;C0344;19
2025;12;C0345;26
2025;12;C0346;22
2025;12;C0347;15
2025;12;C0349;22
2025;12;C0350;23
2026;1;C0001;26
2026;1;C0002;18
2026;1;C0003;22
2026;1;C0004;18
2026;1;C0005;19
2026;1;C0006;18
2026;1;C0007;27
2026;1;C0008;21
2026;1;C0009;21
2026;1;C0010;0
2026;1;C0012;27
2026;1;C0013;18
2026;1;C0014;0
2026;1;C0015;16
2026;1;C0016;21
2026;1;C0017;25
2026;1;C0018;18
2026;1;C0019;24
2026;1;C0020;14
2026;1;C0021;13
2026;1;C0022;21
2026;1;C0023;19
2026;1;C0024;14
2026;1;C0025;20
2026;1;C0026;17
2026;1;C0027;25
2026;1;C0028;19
2026;1;C0033;21
2026;1;C0034;14
2026;1;C0035;22
2026;1;C0036;23
2026;1;C0037;0
2026;1;C0038;22
2026;1;C0039;21
2026;1;C0040;14
2026;1;C0041;16
2026;1;C0042;16
2026;1;C0043;15
2026;1;C0044;19
2026;1;C0045;22
2026;1;C0046;20
2026;1;C0047;15
2026;1;C0048;18
2026;1;C0049;25
2026;1;C0050;13
2026;1;C0051;0
2026;1;C0052;0
2026;1;C0053;15
2026;1;C0054;16
2026;1;C0055;24
2026;1;C0056;5
2026;1;C0057;23
2026;1;C0058;26
2026;1;C0059;22
2026;1;C0060;16
2026;1;C0061;22
2026;1;C0062;0
2026;1;C0063;0
2026;1;C0064;13
2026;1;C0065;16
2026;1;C0066;0
2026;1;C0068;25
2026;1;C0069;19
2026;1;C0070;18
2026;1;C0071;25
2026;1;C0072;0
2026;1;C0074;26
2026;1;C0075;21
2026;1;C0076;16
2026;1;C0077;14
2026;1;C0079;25
2026;1;C0080;23
2026;1;C0081;23
2026;1;C0082;25
2026;1;C0083;19
2026;1;C0084;22
2026;1;C0087;15
2026;1;C0088;0
2026;1;C0091;24
2026;1;C0092;0
2026;1;C0093;22
2026;1;C0094;20
2026;1;C0098;16
2026;1;C0099;17
2026;1;C0100;21
2026;1;C0101;25
2026;1;C0102;25
2026;1;C0103;8
2026;1;C0104;20
2026;1;C0106;24
2026;1;C0107;0
2026;1;C0108;0
2026;1;C0109;25
2026;1;C0110;18
2026;1;C0111;19
2026;1;C0112;26
2026;1;C0113;20
2026;1;C0114;20
2026;1;C0115;16
2026;1;C0116;19
2026;1;C0117;16
2026;1;C0118;20
2026;1;C0119;16
2026;1;C0120;22
2026;1;C0121;24
2026;1;C0122;20
2026;1;C0123;18
2026;1;C0124;13
2026;1;C0125;23
2026;1;C0126;15
2026;1;C0127;18
2026;1;C0130;18
2026;1;C0131;19
2026;1;C0132;16
2026;1;C0133;0
2026;1;C0134;0
2026;1;C0135;22
2026;1;C0136;21
2026;1;C0137;19
2026;1;C0138;15
2026;1;C0139;18
2026;1;C0140;17
2026;1;C0141;23
2026;1;C0143;18
2026;1;C0144;16
2026;1;C0145;23
2026;1;C0146;20
2026;1;C0147;17
2026;1;C0148;0
2026;1;C0149;16
2026;1;C0150;20
2026;1;C0151;15
2026;1;C0152;22
2026;1;C0153;18
2026;1;C0154;18
2026;1;C0155;26
2026;1;C0156;24
2026;1;C0157;19
2026;1;C0158;18
2026;1;C0159;16
2026;1;C0160;26
2026;1;C0161;18
2026;1;C0162;22
2026;1;C0163;24
2026;1;C0164;24
2026;1;C0165;15
2026;1;C0166;0
2026;1;C0167;0
2026;1;C0168;20
2026;1;C0170;19
2026;1;C0171;26
2026;1;C0172;0
2026;1;C0173;15
2026;1;C0174;0
2026;1;C0175;14
2026;1;C0176;0
2026;1;C0177;23
2026;1;C0178;23
2026;1;C0179;22
2026;1;C0180;17
2026;1;C0181;26
2026;1;C0182;0
2026;1;C0183;17
2026;1;C0184;21
2026;1;C0185;14
2026;1;C0186;15
2026;1;C0188;25
2026;1;C0189;22
2026;1;C0190;22
2026;1;C0191;0
2026;1;C0192;19
2026;1;C0193;24
2026;1;C0194;23
2026;1;C0195;24
2026;1;C0196;26
2026;1;C0197;27
2026;1;C0198;18
2026;1;C0199;0
2026;1;C0200;25
2026;1;C0201;19
2026;1;C0202;20
2026;1;C0203;0
2026;1;C0204;15
2026;1;C0205;21
2026;1;C0206;24
2026;1;C0207;25
2026;1;C0208;17
2026;1;C0209;21
2026;1;C0210;21
2026;1;C0211;26
2026;1;C0212;0
2026;1;C0213;17
2026;1;C0214;27
2026;1;C0215;26
2026;1;C0216;14
2026;1;C0218;16
2026;1;C0219;17
2026;1;C0220;24
2026;1;C0221;14
2026;1;C0223;24
2026;1;C0224;22
2026;1;C0225;16
2026;1;C0228;0
2026;1;C0229;23
2026;1;C0230;16
2026;1;C0231;0
2026;1;C0232;0
2026;1;C0233;20
2026;1;C0234;14
2026;1;C0235;20
2026;1;C0236;19
2026;1;C0237;20
2026;1;C0238;26
2026;1;C0240;22
2026;1;C0241;26
2026;1;C0242;25
2026;1;C0243;14
2026;1;C0244;15
2026;1;C0245;17
2026;1;C0246;17
2026;1;C0247;15
2026;1;C0248;14
2026;1;C0249;21
2026;1;C0250;0
2026;1;C0251;15
2026;1;C0252;22
2026;1;C0253;18
2026;1;C0254;23
2026;1;C0255;15
2026;1;C0256;0
2026;1;C0257;25
2026;1;C0258;23
2026;1;C0259;25
2026;1;C0260;22
2026;1;C0261;26
2026;1;C0262;26
2026;1;C0263;22
2026;1;C0264;27
2026;1;C0265;0
2026;1;C0266;24
2026;1;C0267;0
2026;1;C0268;15
2026;1;C0269;16
2026;1;C0270;23
2026;1;C0272;26
2026;1;C0273;22
2026;1;C0274;14
2026;1;C0275;25
2026;1;C0276;17
2026;1;C0277;26
2026;1;C0278;0
2026;1;C0281;0
2026;1;C0282;26
2026;1;C0283;25
2026;1;C0284;14
2026;1;C0285;20
2026;1;C0286;25
2026;1;C0287;18
2026;1;C0288;16
2026;1;C0289;17
2026;1;C0290;17
2026;1;C0291;21
2026;1;C0292;14
2026;1;C0294;20
2026;1;C0296;20
2026;1;C0297;22
2026;1;C0298;14
2026;1;C0299;19
2026;1;C0300;25
2026;1;C0301;17
2026;1;C0302;16
2026;1;C0303;21
2026;1;C0304;17
2026;1;C0307;0
2026;1;C0308;26
2026;1;C0310;22
2026;1;C0311;14
2026;1;C0312;16
2026;1;C0314;23
2026;1;C0315;21
2026;1;C0316;0
2026;1;C0317;15
2026;1;C0318;14
2026;1;C0319;26
2026;1;C0320;0
2026;1;C0321;19
2026;1;C0322;26
2026;1;C0323;18
2026;1;C0324;0
2026;1;C0325;18
2026;1;C0326;26
2026;1;C0327;16
2026;1;C0328;20
2026;1;C0329;18
2026;1;C0331;25
2026;1;C0332;16
2026;1;C0333;16
2026;1;C0334;14
2026;1;C0335;0
2026;1;C0336;15
2026;1;C0337;20
2026;1;C0338;13
2026;1;C0339;17
2026;1;C0340;21
2026;1;C0341;18
2026;1;C0342;24
2026;1;C0343;15
2026;1;C0344;23
2026;1;C0345;18
2026;1;C0346;0
2026;1;C0347;22
2026;1;C0349;20
2026;1;C0350;22
2026;2;C0001;21
2026;2;C0002;14
2026;2;C0003;18
2026;2;C0004;18
2026;2;C0005;24
2026;2;C0006;0
2026;2;C0007;21
2026;2;C0008;23
2026;2;C0009;17
2026;2;C0010;17
2026;2;C0012;13
2026;2;C0013;24
2026;2;C0014;17
2026;2;C0015;24
2026;2;C0016;21
2026;2;C0017;24
2026;2;C0018;13
2026;2;C0019;23
2026;2;C0020;14
2026;2;C0021;14
2026;2;C0022;19
2026;2;C0023;13
2026;2;C0024;13
2026;2;C0025;16
2026;2;C0026;16
2026;2;C0027;20
2026;2;C0028;24
2026;2;C0029;15
2026;2;C0030;14
2026;2;C0031;23
2026;2;C0032;19
2026;2;C0033;22
2026;2;C0034;23
2026;2;C0035;13
2026;2;C0036;20
2026;2;C0037;23
2026;2;C0038;18
2026;2;C0039;12
2026;2;C0040;15
2026;2;C0041;15
2026;2;C0042;0
2026;2;C0043;13
2026;2;C0044;16
2026;2;C0045;18
2026;2;C0046;0
2026;2;C0047;18
2026;2;C0048;12
2026;2;C0049;19
2026;2;C0050;22
2026;2;C0051;14
2026;2;C0052;0
2026;2;C0053;19
2026;2;C0054;21
2026;2;C0055;22
2026;2;C0056;0
2026;2;C0057;15
2026;2;C0058;14
2026;2;C0059;12
2026;2;C0060;13
2026;2;C0061;21
2026;2;C0062;23
2026;2;C0063;0
2026;2;C0064;24
2026;2;C0065;18
2026;2;C0066;19
2026;2;C0068;14
2026;2;C0069;17
2026;2;C0070;14
2026;2;C0071;12
2026;2;C0072;0
2026;2;C0074;14
2026;2;C0075;22
2026;2;C0076;20
2026;2;C0077;22
2026;2;C0079;15
2026;2;C0080;23
2026;2;C0081;22
2026;2;C0082;16
2026;2;C0083;14
2026;2;C0084;24
2026;2;C0087;22
2026;2;C0088;14
2026;2;C0091;14
2026;2;C0092;8
2026;2;C0093;20
2026;2;C0094;12
2026;2;C0098;23
2026;2;C0099;0
2026;2;C0100;18
2026;2;C0101;16
2026;2;C0102;0
2026;2;C0103;0
2026;2;C0104;12
2026;2;C0106;12
2026;2;C0107;19
2026;2;C0108;24
2026;2;C0109;21
2026;2;C0110;12
2026;2;C0111;22
2026;2;C0112;0
2026;2;C0113;17
2026;2;C0114;20
2026;2;C0115;23
2026;2;C0116;0
2026;2;C0117;17
2026;2;C0118;17
2026;2;C0119;0
2026;2;C0120;20
2026;2;C0121;21
2026;2;C0122;19
2026;2;C0123;23
2026;2;C0124;13
2026;2;C0125;17
2026;2;C0126;19
2026;2;C0127;23
2026;2;C0129;21
2026;2;C0130;21
2026;2;C0131;18
2026;2;C0132;18
2026;2;C0133;0
2026;2;C0134;0
2026;2;C0135;20
2026;2;C0136;14
2026;2;C0137;24
2026;2;C0138;19
2026;2;C0139;20
2026;2;C0140;13
2026;2;C0141;13
2026;2;C0143;24
2026;2;C0144;23
2026;2;C0145;17
2026;2;C0146;21
2026;2;C0147;0
2026;2;C0148;14
2026;2;C0149;15
2026;2;C0150;22
2026;2;C0151;12
2026;2;C0152;21
2026;2;C0153;23
2026;2;C0154;21
2026;2;C0155;20
2026;2;C0156;12
2026;2;C0157;16
2026;2;C0158;17
2026;2;C0159;16
2026;2;C0160;20
2026;2;C0161;15
2026;2;C0162;0
2026;2;C0163;16
2026;2;C0164;14
2026;2;C0165;18
2026;2;C0166;0
2026;2;C0167;0
2026;2;C0168;18
2026;2;C0169;18
2026;2;C0170;21
2026;2;C0171;13
2026;2;C0172;0
2026;2;C0173;18
2026;2;C0174;21
2026;2;C0175;20
2026;2;C0176;22
2026;2;C0177;12
2026;2;C0178;14
2026;2;C0179;18
2026;2;C0180;24
2026;2;C0181;24
2026;2;C0182;0
2026;2;C0183;22
2026;2;C0184;18
2026;2;C0185;18
2026;2;C0186;22
2026;2;C0188;15
2026;2;C0189;14
2026;2;C0190;22
2026;2;C0191;0
2026;2;C0192;0
2026;2;C0193;15
2026;2;C0194;24
2026;2;C0195;12
2026;2;C0196;17
2026;2;C0197;22
2026;2;C0198;24
2026;2;C0199;12
2026;2;C0200;12
2026;2;C0201;23
2026;2;C0202;19
2026;2;C0203;0
2026;2;C0204;13
2026;2;C0205;22
2026;2;C0206;18
2026;2;C0207;16
2026;2;C0208;14
2026;2;C0209;19
2026;2;C0210;12
2026;2;C0211;24
2026;2;C0212;19
2026;2;C0213;19
2026;2;C0214;18
2026;2;C0215;15
2026;2;C0216;19
2026;2;C0218;22
2026;2;C0219;24
2026;2;C0220;19
2026;2;C0221;15
2026;2;C0223;17
2026;2;C0224;0
2026;2;C0225;23
2026;2;C0228;20
2026;2;C0229;14
2026;2;C0230;16
2026;2;C0231;0
2026;2;C0232;19
2026;2;C0233;22
2026;2;C0234;17
2026;2;C0235;12
2026;2;C0236;13
2026;2;C0237;13
2026;2;C0238;22
2026;2;C0240;18
2026;2;C0241;23
2026;2;C0242;20
2026;2;C0243;12
2026;2;C0244;20
2026;2;C0245;14
2026;2;C0246;15
2026;2;C0247;0
2026;2;C0248;13
2026;2;C0249;14
2026;2;C0250;14
2026;2;C0251;18
2026;2;C0252;18
2026;2;C0253;16
2026;2;C0254;17
2026;2;C0255;14
2026;2;C0256;0
2026;2;C0257;24
2026;2;C0258;16
2026;2;C0259;15
2026;2;C0260;16
2026;2;C0261;18
2026;2;C0262;17
2026;2;C0263;19
2026;2;C0264;21
2026;2;C0265;12
2026;2;C0266;19
2026;2;C0267;0
2026;2;C0268;12
2026;2;C0269;21
2026;2;C0270;19
2026;2;C0272;19
2026;2;C0273;17
2026;2;C0274;12
2026;2;C0275;20
2026;2;C0276;15
2026;2;C0277;17
2026;2;C0278;9
2026;2;C0281;14
2026;2;C0282;24
2026;2;C0283;14
2026;2;C0284;21
2026;2;C0285;18
2026;2;C0286;15
2026;2;C0287;12
2026;2;C0288;17
2026;2;C0289;15
2026;2;C0290;23
2026;2;C0291;23
2026;2;C0292;18
2026;2;C0294;19
2026;2;C0296;17
2026;2;C0297;13
2026;2;C0298;15
2026;2;C0299;17
2026;2;C0300;14
2026;2;C0301;16
2026;2;C0302;14
2026;2;C0303;22
2026;2;C0304;17
2026;2;C0306;19
2026;2;C0307;21
2026;2;C0308;20
2026;2;C0310;21
2026;2;C0311;14
2026;2;C0312;13
2026;2;C0314;17
2026;2;C0315;16
2026;2;C0316;0
2026;2;C0317;16
2026;2;C0318;22
2026;2;C0319;16
2026;2;C0320;8
2026;2;C0321;19
2026;2;C0322;19
2026;2;C0323;22
2026;2;C0324;15
2026;2;C0325;22
2026;2;C0326;22
2026;2;C0327;23
2026;2;C0328;18
2026;2;C0329;0
2026;2;C0331;15
2026;2;C0332;22
2026;2;C0333;0
2026;2;C0334;18
2026;2;C0335;0
2026;2;C0336;13
2026;2;C0337;23
2026;2;C0338;16
2026;2;C0339;24
2026;2;C0340;20
2026;2;C0341;18
2026;2;C0342;12
2026;2;C0343;17
2026;2;C0344;20
2026;2;C0345;24
2026;2;C0346;24
2026;2;C0347;17
2026;2;C0349;15
2026;2;C0350;14
2026;3;C0001;21
2026;3;C0002;22
2026;3;C0003;26
2026;3;C0004;0
2026;3;C0005;15
2026;3;C0006;0
2026;3;C0007;20
2026;3;C0008;16
2026;3;C0009;25
2026;3;C0010;18
2026;3;C0012;23
2026;3;C0013;23
2026;3;C0014;26
2026;3;C0015;20
2026;3;C0016;26
2026;3;C0017;24
2026;3;C0018;15
2026;3;C0019;17
2026;3;C0020;20
2026;3;C0021;16
2026;3;C0022;24
2026;3;C0023;25
2026;3;C0024;26
2026;3;C0025;14
2026;3;C0026;22
2026;3;C0027;22
2026;3;C0028;26
2026;3;C0029;23
2026;3;C0030;15
2026;3;C0031;14
2026;3;C0032;27
2026;3;C0033;17
2026;3;C0034;17
2026;3;C0035;15
2026;3;C0036;25
2026;3;C0037;16
2026;3;C0038;23
2026;3;C0039;22
2026;3;C0040;18
2026;3;C0041;23
2026;3;C0042;26
2026;3;C0043;20
2026;3;C0044;15
2026;3;C0045;0
2026;3;C0046;13
2026;3;C0047;19
2026;3;C0048;27
2026;3;C0049;15
2026;3;C0050;20
2026;3;C0051;26
2026;3;C0052;0
2026;3;C0053;22
2026;3;C0054;26
2026;3;C0055;16
2026;3;C0056;0
2026;3;C0057;22
2026;3;C0058;19
2026;3;C0059;22
2026;3;C0060;20
2026;3;C0061;22
2026;3;C0062;25
2026;3;C0063;0
2026;3;C0064;21
2026;3;C0065;21
2026;3;C0066;22
2026;3;C0068;0
2026;3;C0069;26
2026;3;C0070;15
2026;3;C0071;20
2026;3;C0072;0
2026;3;C0074;21
2026;3;C0075;24
2026;3;C0076;16
2026;3;C0077;20
2026;3;C0079;16
2026;3;C0080;13
2026;3;C0081;19
2026;3;C0082;23
2026;3;C0083;27
2026;3;C0084;25
2026;3;C0085;13
2026;3;C0087;14
2026;3;C0088;15
2026;3;C0090;0
2026;3;C0091;17
2026;3;C0092;0
2026;3;C0093;26
2026;3;C0094;20
2026;3;C0098;23
2026;3;C0099;0
2026;3;C0100;24
2026;3;C0101;14
2026;3;C0102;0
2026;3;C0103;0
2026;3;C0104;13
2026;3;C0106;23
2026;3;C0107;15
2026;3;C0108;0
2026;3;C0109;25
2026;3;C0110;21
2026;3;C0111;25
2026;3;C0112;13
2026;3;C0113;0
2026;3;C0114;13
2026;3;C0115;23
2026;3;C0116;0
2026;3;C0117;22
2026;3;C0118;24
2026;3;C0119;0
2026;3;C0120;26
2026;3;C0121;23
2026;3;C0122;23
2026;3;C0123;21
2026;3;C0124;21
2026;3;C0125;0
2026;3;C0126;20
2026;3;C0127;22
2026;3;C0129;26
2026;3;C0130;24
2026;3;C0131;24
2026;3;C0132;13
2026;3;C0133;25
2026;3;C0134;16
2026;3;C0135;14
2026;3;C0136;21
2026;3;C0137;18
2026;3;C0138;22
2026;3;C0139;17
2026;3;C0140;23
2026;3;C0141;25
2026;3;C0143;19
2026;3;C0144;26
2026;3;C0145;22
2026;3;C0146;26
2026;3;C0147;23
2026;3;C0148;23
2026;3;C0149;16
2026;3;C0150;16
2026;3;C0151;20
2026;3;C0152;24
2026;3;C0153;13
2026;3;C0154;21
2026;3;C0155;15
2026;3;C0156;24
2026;3;C0157;13
2026;3;C0158;20
2026;3;C0159;14
2026;3;C0160;25
2026;3;C0161;24
2026;3;C0162;21
2026;3;C0163;14
2026;3;C0164;27
2026;3;C0165;0
2026;3;C0166;8
2026;3;C0167;15
2026;3;C0168;22
2026;3;C0169;15
2026;3;C0170;25
2026;3;C0171;15
2026;3;C0172;14
2026;3;C0173;16
2026;3;C0174;17
2026;3;C0175;17
2026;3;C0176;18
2026;3;C0177;20
2026;3;C0178;20
2026;3;C0179;22
2026;3;C0180;20
2026;3;C0181;22
2026;3;C0182;18
2026;3;C0183;17
2026;3;C0184;27
2026;3;C0185;15
2026;3;C0188;22
2026;3;C0189;20
2026;3;C0190;23
2026;3;C0191;26
2026;3;C0192;22
2026;3;C0193;0
2026;3;C0194;26
2026;3;C0195;0
2026;3;C0196;22
2026;3;C0197;25
2026;3;C0198;14
2026;3;C0199;17
2026;3;C0200;17
2026;3;C0201;21
2026;3;C0202;23
2026;3;C0203;21
2026;3;C0204;27
2026;3;C0205;15
2026;3;C0206;26
2026;3;C0207;14
2026;3;C0208;16
2026;3;C0209;21
2026;3;C0210;26
2026;3;C0211;25
2026;3;C0212;0
2026;3;C0213;16
2026;3;C0214;20
2026;3;C0215;0
2026;3;C0216;23
2026;3;C0218;25
2026;3;C0219;21
2026;3;C0220;24
2026;3;C0221;24
2026;3;C0223;14
2026;3;C0224;13
2026;3;C0225;23
2026;3;C0228;20
2026;3;C0229;23
2026;3;C0230;26
2026;3;C0231;0
2026;3;C0232;25
2026;3;C0233;14
2026;3;C0234;14
2026;3;C0235;0
2026;3;C0236;13
2026;3;C0237;18
2026;3;C0238;21
2026;3;C0240;17
2026;3;C0241;18
2026;3;C0242;19
2026;3;C0243;17
2026;3;C0244;0
2026;3;C0245;18
2026;3;C0246;22
2026;3;C0247;16
2026;3;C0248;22
2026;3;C0249;25
2026;3;C0250;0
2026;3;C0251;18
2026;3;C0252;19
2026;3;C0253;21
2026;3;C0254;16
2026;3;C0255;16
2026;3;C0256;0
2026;3;C0257;20
2026;3;C0258;0
2026;3;C0259;27
2026;3;C0261;22
2026;3;C0262;26
2026;3;C0263;16
2026;3;C0264;21
2026;3;C0265;15
2026;3;C0266;13
2026;3;C0267;0
2026;3;C0268;21
2026;3;C0269;25
2026;3;C0270;22
2026;3;C0272;22
2026;3;C0273;23
2026;3;C0274;15
2026;3;C0275;21
2026;3;C0276;14
2026;3;C0277;27
2026;3;C0278;0
2026;3;C0281;17
2026;3;C0282;15
2026;3;C0283;23
2026;3;C0284;18
2026;3;C0285;19
2026;3;C0286;26
2026;3;C0287;21
2026;3;C0288;18
2026;3;C0289;23
2026;3;C0290;14
2026;3;C0291;21
2026;3;C0292;16
2026;3;C0294;25
2026;3;C0296;17
2026;3;C0297;25
2026;3;C0298;21
2026;3;C0299;25
2026;3;C0300;18
2026;3;C0301;27
2026;3;C0302;26
2026;3;C0303;19
2026;3;C0304;15
2026;3;C0306;18
2026;3;C0307;21
2026;3;C0308;22
2026;3;C0309;16
2026;3;C0310;23
2026;3;C0311;13
2026;3;C0312;17
2026;3;C0314;19
2026;3;C0315;26
2026;3;C0316;0
2026;3;C0317;14
2026;3;C0318;17
2026;3;C0319;15
2026;3;C0320;0
2026;3;C0321;27
2026;3;C0322;22
2026;3;C0323;15
2026;3;C0324;0
2026;3;C0325;26
2026;3;C0326;19
2026;3;C0327;0
2026;3;C0328;16
2026;3;C0329;0
2026;3;C0331;19
2026;3;C0332;16
2026;3;C0333;23
2026;3;C0334;20
2026;3;C0335;22
2026;3;C0336;0
2026;3;C0337;19
2026;3;C0338;0
2026;3;C0339;21
2026;3;C0340;15
2026;3;C0341;18
2026;3;C0342;18
2026;3;C0343;15
2026;3;C0344;24
2026;3;C0345;17
2026;3;C0346;26
2026;3;C0347;13
2026;3;C0349;19
2026;3;C0350;23
2026;4;C0001;0
2026;4;C0002;0
2026;4;C0003;0
2026;4;C0004;0
2026;4;C0005;0
2026;4;C0006;0
2026;4;C0007;0
2026;4;C0008;18
2026;4;C0009;25
2026;4;C0010;14
2026;4;C0012;25
2026;4;C0013;24
2026;4;C0014;14
2026;4;C0015;13
2026;4;C0016;15
2026;4;C0017;17
2026;4;C0018;21
2026;4;C0019;20
2026;4;C0020;23
2026;4;C0021;13
2026;4;C0022;18
2026;4;C0023;25
2026;4;C0024;19
2026;4;C0025;22
2026;4;C0026;21
2026;4;C0027;23
2026;4;C0028;14
2026;4;C0029;13
2026;4;C0030;23
2026;4;C0031;24
2026;4;C0032;22
2026;4;C0033;22
2026;4;C0034;17
2026;4;C0035;19
2026;4;C0036;23
2026;4;C0037;23
2026;4;C0038;14
2026;4;C0039;24
2026;4;C0040;19
2026;4;C0041;23
2026;4;C0042;18
2026;4;C0043;16
2026;4;C0044;20
2026;4;C0045;23
2026;4;C0047;20
2026;4;C0048;15
2026;4;C0049;24
2026;4;C0050;23
2026;4;C0051;19
2026;4;C0052;0
2026;4;C0053;24
2026;4;C0054;23
2026;4;C0055;13
2026;4;C0056;10
2026;4;C0057;19
2026;4;C0058;19
2026;4;C0059;14
2026;4;C0060;15
2026;4;C0061;15
2026;4;C0062;21
2026;4;C0063;0
2026;4;C0064;24
2026;4;C0065;25
2026;4;C0066;24
2026;4;C0068;22
2026;4;C0069;21
2026;4;C0070;17
2026;4;C0071;20
2026;4;C0072;0
2026;4;C0074;13
2026;4;C0075;16
2026;4;C0076;17
2026;4;C0077;26
2026;4;C0079;21
2026;4;C0080;18
2026;4;C0081;15
2026;4;C0082;22
2026;4;C0083;16
2026;4;C0084;16
2026;4;C0085;20
2026;4;C0087;18
2026;4;C0088;24
2026;4;C0090;23
2026;4;C0091;19
2026;4;C0092;0
2026;4;C0093;22
2026;4;C0094;21
2026;4;C0098;24
2026;4;C0099;0
2026;4;C0100;26
2026;4;C0101;15
2026;4;C0102;20
2026;4;C0103;0
2026;4;C0104;17
2026;4;C0106;19
2026;4;C0107;16
2026;4;C0108;20
2026;4;C0109;17
2026;4;C0110;0
2026;4;C0111;17
2026;4;C0112;15
2026;4;C0113;26
2026;4;C0114;18
2026;4;C0115;23
2026;4;C0116;16
2026;4;C0117;14
2026;4;C0118;19
2026;4;C0119;22
2026;4;C0120;19
2026;4;C0121;14
2026;4;C0122;15
2026;4;C0123;24
2026;4;C0124;15
2026;4;C0125;22
2026;4;C0126;22
2026;4;C0127;17
2026;4;C0129;19
2026;4;C0130;22
2026;4;C0131;23
2026;4;C0132;19
2026;4;C0133;0
2026;4;C0134;0
2026;4;C0135;18
2026;4;C0136;26
2026;4;C0137;0
2026;4;C0138;19
2026;4;C0139;19
2026;4;C0140;13
2026;4;C0141;14
2026;4;C0143;18
2026;4;C0144;18
2026;4;C0145;23
2026;4;C0146;15
2026;4;C0147;18
2026;4;C0148;21
2026;4;C0149;20
2026;4;C0150;0
2026;4;C0151;24
2026;4;C0152;23
2026;4;C0153;19
2026;4;C0154;0
2026;4;C0155;15
2026;4;C0156;14
2026;4;C0157;21
2026;4;C0158;14
2026;4;C0159;26
2026;4;C0160;25
2026;4;C0162;13
2026;4;C0163;22
2026;4;C0164;17
2026;4;C0165;19
2026;4;C0166;0
2026;4;C0167;24
2026;4;C0168;18
2026;4;C0169;23
2026;4;C0170;19
2026;4;C0171;25
2026;4;C0172;0
2026;4;C0173;21
2026;4;C0174;16
2026;4;C0175;15
2026;4;C0176;18
2026;4;C0177;26
2026;4;C0178;25
2026;4;C0179;25
2026;4;C0180;23
2026;4;C0181;18
2026;4;C0182;0
2026;4;C0183;16
2026;4;C0184;15
2026;4;C0185;16
2026;4;C0188;24
2026;4;C0189;19
2026;4;C0190;25
2026;4;C0191;16
2026;4;C0192;18
2026;4;C0193;24
2026;4;C0194;24
2026;4;C0195;13
2026;4;C0196;16
2026;4;C0197;25
2026;4;C0198;22
2026;4;C0199;24
2026;4;C0200;15
2026;4;C0201;18
2026;4;C0202;25
2026;4;C0203;0
2026;4;C0204;16
2026;4;C0205;0
2026;4;C0206;21
2026;4;C0207;14
2026;4;C0208;20
2026;4;C0209;18
2026;4;C0210;20
2026;4;C0211;24
2026;4;C0212;18
2026;4;C0213;14
2026;4;C0214;21
2026;4;C0215;19
2026;4;C0216;26
2026;4;C0218;15
2026;4;C0219;13
2026;4;C0220;19
2026;4;C0221;15
2026;4;C0223;15
2026;4;C0224;24
2026;4;C0225;16
2026;4;C0227;24
2026;4;C0228;18
2026;4;C0229;19
2026;4;C0230;16
2026;4;C0231;0
2026;4;C0232;15
2026;4;C0233;18
2026;4;C0234;22
2026;4;C0235;0
2026;4;C0236;19
2026;4;C0237;21
2026;4;C0238;20
2026;4;C0240;22
2026;4;C0241;25
2026;4;C0242;21
2026;4;C0243;25
2026;4;C0244;21
2026;4;C0245;19
2026;4;C0246;21
2026;4;C0247;16
2026;4;C0248;18
2026;4;C0249;22
2026;4;C0250;21
2026;4;C0251;19
2026;4;C0252;14
2026;4;C0253;17
2026;4;C0254;21
2026;4;C0255;22
2026;4;C0256;0
2026;4;C0257;19
2026;4;C0258;14
2026;4;C0259;17
2026;4;C0261;22
2026;4;C0262;24
2026;4;C0263;0
2026;4;C0264;18
2026;4;C0265;23
2026;4;C0266;14
2026;4;C0267;0
2026;4;C0268;24
2026;4;C0269;25
2026;4;C0270;18
2026;4;C0272;18
2026;4;C0273;25
2026;4;C0274;22
2026;4;C0275;22
2026;4;C0276;14
2026;4;C0277;20
2026;4;C0278;0
2026;4;C0281;16
2026;4;C0282;20
2026;4;C0283;15
2026;4;C0284;21
2026;4;C0285;13
2026;4;C0286;15
2026;4;C0287;20
2026;4;C0288;21
2026;4;C0289;15
2026;4;C0290;24
2026;4;C0291;14
2026;4;C0292;24
2026;4;C0293;19
2026;4;C0294;13
2026;4;C0295;20
2026;4;C0296;24
2026;4;C0297;22
2026;4;C0298;14
2026;4;C0299;14
2026;4;C0300;18
2026;4;C0301;23
2026;4;C0302;19
2026;4;C0303;15
2026;4;C0304;21
2026;4;C0305;16
2026;4;C0306;19
2026;4;C0307;0
2026;4;C0308;24
2026;4;C0309;23
2026;4;C0310;23
2026;4;C0311;17
2026;4;C0312;17
2026;4;C0315;22
2026;4;C0316;0
2026;4;C0317;15
2026;4;C0318;16
2026;4;C0319;23
2026;4;C0320;0
2026;4;C0321;15
2026;4;C0322;16
2026;4;C0323;18
2026;4;C0324;16
2026;4;C0325;23
2026;4;C0326;17
2026;4;C0327;21
2026;4;C0328;26
2026;4;C0329;21
2026;4;C0331;18
2026;4;C0332;26
2026;4;C0333;16
2026;4;C0334;23
2026;4;C0335;19
2026;4;C0336;20
2026;4;C0337;18
2026;4;C0338;22
2026;4;C0339;15
2026;4;C0340;15
2026;4;C0341;19
2026;4;C0342;26
2026;4;C0343;21
2026;4;C0344;22
2026;4;C0345;16
2026;4;C0346;20
2026;4;C0347;26
2026;4;C0349;25
2026;4;C0350;24
2026;5;C0001;23
2026;5;C0002;19
2026;5;C0003;14
2026;5;C0004;17
2026;5;C0005;16
2026;5;C0006;22
2026;5;C0007;25
2026;5;C0008;27
2026;5;C0009;22
2026;5;C0010;0
2026;5;C0012;0
2026;5;C0013;14
2026;5;C0014;18
2026;5;C0015;14
2026;5;C0016;18
2026;5;C0017;21
2026;5;C0018;23
2026;5;C0019;20
2026;5;C0020;13
2026;5;C0021;24
2026;5;C0022;23
2026;5;C0023;14
2026;5;C0024;24
2026;5;C0025;23
2026;5;C0026;24
2026;5;C0027;19
2026;5;C0028;19
2026;5;C0029;0
2026;5;C0030;16
2026;5;C0031;25
2026;5;C0032;25
2026;5;C0033;13
2026;5;C0034;20
2026;5;C0035;16
2026;5;C0036;25
2026;5;C0037;16
2026;5;C0038;21
2026;5;C0039;18
2026;5;C0040;21
2026;5;C0041;21
2026;5;C0042;26
2026;5;C0043;26
2026;5;C0044;14
2026;5;C0045;13
2026;5;C0047;16
2026;5;C0048;14
2026;5;C0049;23
2026;5;C0050;22
2026;5;C0051;0
2026;5;C0052;0
2026;5;C0053;23
2026;5;C0054;14
2026;5;C0055;26
2026;5;C0056;0
2026;5;C0057;25
2026;5;C0058;18
2026;5;C0059;16
2026;5;C0060;18
2026;5;C0061;14
2026;5;C0062;23
2026;5;C0063;0
2026;5;C0064;27
2026;5;C0065;26
2026;5;C0066;16
2026;5;C0067;20
2026;5;C0068;0
2026;5;C0069;15
2026;5;C0070;17
2026;5;C0071;13
2026;5;C0072;0
2026;5;C0074;19
2026;5;C0075;19
2026;5;C0076;26
2026;5;C0077;26
2026;5;C0079;15
2026;5;C0080;22
2026;5;C0081;25
2026;5;C0082;16
2026;5;C0083;21
2026;5;C0084;16
2026;5;C0085;18
2026;5;C0087;24
2026;5;C0088;26
2026;5;C0090;18
2026;5;C0091;24
2026;5;C0092;8
2026;5;C0093;26
2026;5;C0094;17
2026;5;C0096;20
2026;5;C0097;13
2026;5;C0098;14
2026;5;C0099;0
2026;5;C0100;25
2026;5;C0101;15
2026;5;C0102;0
2026;5;C0103;0
2026;5;C0104;17
2026;5;C0106;16
2026;5;C0107;25
2026;5;C0108;25
2026;5;C0109;14
2026;5;C0110;21
2026;5;C0111;19
2026;5;C0112;18
2026;5;C0113;0
2026;5;C0114;25
2026;5;C0115;15
2026;5;C0116;0
2026;5;C0117;27
2026;5;C0118;25
2026;5;C0119;0
2026;5;C0120;14
2026;5;C0121;27
2026;5;C0122;15
2026;5;C0123;22
2026;5;C0124;24
2026;5;C0125;0
2026;5;C0126;18
2026;5;C0127;25
2026;5;C0129;23
2026;5;C0130;25
2026;5;C0131;15
2026;5;C0132;26
2026;5;C0133;26
2026;5;C0134;16
2026;5;C0135;14
2026;5;C0136;0
2026;5;C0137;0
2026;5;C0138;25
2026;5;C0139;26
2026;5;C0140;24
2026;5;C0141;23
2026;5;C0143;25
2026;5;C0144;22
2026;5;C0145;20
2026;5;C0146;16
2026;5;C0147;22
2026;5;C0148;23
2026;5;C0149;20
2026;5;C0150;25
2026;5;C0151;18
2026;5;C0152;25
2026;5;C0153;25
2026;5;C0154;17
2026;5;C0155;16
2026;5;C0156;21
2026;5;C0157;26
2026;5;C0158;18
2026;5;C0159;20
2026;5;C0160;23
2026;5;C0162;25
2026;5;C0163;17
2026;5;C0164;25
2026;5;C0165;0
2026;5;C0166;0
2026;5;C0167;15
2026;5;C0168;19
2026;5;C0169;20
2026;5;C0170;17
2026;5;C0171;21
2026;5;C0172;27
2026;5;C0173;24
2026;5;C0174;22
2026;5;C0175;15
2026;5;C0176;0
2026;5;C0177;16
2026;5;C0178;15
2026;5;C0179;26
2026;5;C0180;22
2026;5;C0181;0
2026;5;C0182;18
2026;5;C0183;24
2026;5;C0184;17
2026;5;C0185;18
2026;5;C0188;20
2026;5;C0189;24
2026;5;C0190;14
2026;5;C0191;26
2026;5;C0192;0
2026;5;C0193;20
2026;5;C0194;21
2026;5;C0195;15
2026;5;C0196;13
2026;5;C0197;16
2026;5;C0198;26
2026;5;C0199;24
2026;5;C0200;27
2026;5;C0201;16
2026;5;C0202;26
2026;5;C0203;0
2026;5;C0204;25
2026;5;C0205;16
2026;5;C0206;16
2026;5;C0207;20
2026;5;C0208;26
2026;5;C0209;18
2026;5;C0210;23
2026;5;C0211;22
2026;5;C0212;0
2026;5;C0213;19
2026;5;C0214;25
2026;5;C0215;25
2026;5;C0216;21
2026;5;C0218;27
2026;5;C0219;14
2026;5;C0220;0
2026;5;C0221;0
2026;5;C0223;20
2026;5;C0224;21
2026;5;C0225;26
2026;5;C0227;26
2026;5;C0228;25
2026;5;C0229;21
2026;5;C0230;27
2026;5;C0231;0
2026;5;C0232;24
2026;5;C0233;23
2026;5;C0234;14
2026;5;C0235;25
2026;5;C0236;14
2026;5;C0237;19
2026;5;C0238;25
2026;5;C0240;25
2026;5;C0241;25
2026;5;C0242;14
2026;5;C0243;15
2026;5;C0244;17
2026;5;C0245;16
2026;5;C0246;21
2026;5;C0247;24
2026;5;C0248;0
2026;5;C0249;0
2026;5;C0250;24
2026;5;C0251;18
2026;5;C0252;15
2026;5;C0253;17
2026;5;C0254;25
2026;5;C0255;16
2026;5;C0256;5
2026;5;C0257;20
2026;5;C0258;23
2026;5;C0259;26
2026;5;C0261;17
2026;5;C0262;21
2026;5;C0263;0
2026;5;C0264;18
2026;5;C0265;23
2026;5;C0266;16
2026;5;C0267;0
2026;5;C0268;21
2026;5;C0269;20
2026;5;C0270;22
2026;5;C0272;14
2026;5;C0273;14
2026;5;C0274;17
2026;5;C0275;25
2026;5;C0276;0
2026;5;C0277;17
2026;5;C0278;0
2026;5;C0281;0
2026;5;C0282;21
2026;5;C0283;20
2026;5;C0284;18
2026;5;C0285;18
2026;5;C0286;13
2026;5;C0287;27
2026;5;C0288;20
2026;5;C0289;14
2026;5;C0290;26
2026;5;C0291;15
2026;5;C0292;14
2026;5;C0293;18
2026;5;C0294;17
2026;5;C0295;19
2026;5;C0296;16
2026;5;C0297;16
2026;5;C0298;0
2026;5;C0299;25
2026;5;C0300;14
2026;5;C0301;14
2026;5;C0302;17
2026;5;C0303;21
2026;5;C0304;21
2026;5;C0305;24
2026;5;C0306;15
2026;5;C0307;0
2026;5;C0308;25
2026;5;C0309;21
2026;5;C0310;23
2026;5;C0311;14
2026;5;C0312;15
2026;5;C0315;17
2026;5;C0316;0
2026;5;C0317;23
2026;5;C0318;20
2026;5;C0319;23
2026;5;C0320;0
2026;5;C0321;14
2026;5;C0322;17
2026;5;C0323;16
2026;5;C0324;17
2026;5;C0325;16
2026;5;C0326;23
2026;5;C0327;0
2026;5;C0328;22
2026;5;C0329;26
2026;5;C0331;23
2026;5;C0332;24
2026;5;C0333;0
2026;5;C0334;24
2026;5;C0335;23
2026;5;C0336;0
2026;5;C0337;20
2026;5;C0338;21
2026;5;C0339;17
2026;5;C0340;21
2026;5;C0341;20
2026;5;C0342;22
2026;5;C0343;21
2026;5;C0344;19
2026;5;C0345;18
2026;5;C0346;0
2026;5;C0347;20
2026;5;C0349;26
2026;5;C0350;25
2026;6;C0001;21
2026;6;C0002;22
2026;6;C0003;24
2026;6;C0004;14
2026;6;C0005;24
2026;6;C0006;18
2026;6;C0007;22
2026;6;C0008;24
2026;6;C0009;23
2026;6;C0010;26
2026;6;C0012;22
2026;6;C0013;0
2026;6;C0014;15
2026;6;C0015;13
2026;6;C0016;13
2026;6;C0017;19
2026;6;C0018;24
2026;6;C0019;25
2026;6;C0020;14
2026;6;C0021;21
2026;6;C0022;15
2026;6;C0023;26
2026;6;C0024;17
2026;6;C0025;18
2026;6;C0026;15
2026;6;C0027;17
2026;6;C0028;20
2026;6;C0029;22
2026;6;C0030;16
2026;6;C0031;16
2026;6;C0032;16
2026;6;C0033;16
2026;6;C0034;19
2026;6;C0035;19
2026;6;C0036;19
2026;6;C0037;0
2026;6;C0038;24
2026;6;C0039;24
2026;6;C0040;14
2026;6;C0041;18
2026;6;C0042;0
2026;6;C0043;17
2026;6;C0044;19
2026;6;C0045;17
2026;6;C0047;14
2026;6;C0048;17
2026;6;C0049;20
2026;6;C0050;14
2026;6;C0051;20
2026;6;C0052;0
2026;6;C0053;26
2026;6;C0054;22
2026;6;C0055;15
2026;6;C0056;0
2026;6;C0057;15
2026;6;C0058;13
2026;6;C0059;16
2026;6;C0060;23
2026;6;C0061;20
2026;6;C0062;16
2026;6;C0063;0
2026;6;C0064;16
2026;6;C0065;19
2026;6;C0066;14
2026;6;C0067;18
2026;6;C0069;15
2026;6;C0070;22
2026;6;C0071;14
2026;6;C0072;0
2026;6;C0074;14
2026;6;C0075;20
2026;6;C0076;23
2026;6;C0077;15
2026;6;C0079;16
2026;6;C0080;23
2026;6;C0081;22
2026;6;C0082;26
2026;6;C0083;20
2026;6;C0084;21
2026;6;C0085;22
2026;6;C0087;15
2026;6;C0088;26
2026;6;C0090;25
2026;6;C0091;18
2026;6;C0092;0
2026;6;C0093;15
2026;6;C0094;21
2026;6;C0095;21
2026;6;C0096;15
2026;6;C0097;14
2026;6;C0098;15
2026;6;C0099;0
2026;6;C0100;17
2026;6;C0101;20
2026;6;C0102;24
2026;6;C0103;6
2026;6;C0104;14
2026;6;C0106;20
2026;6;C0107;20
2026;6;C0108;0
2026;6;C0109;19
2026;6;C0110;16
2026;6;C0111;17
2026;6;C0112;22
2026;6;C0113;25
2026;6;C0114;24
2026;6;C0115;24
2026;6;C0116;17
2026;6;C0117;24
2026;6;C0118;22
2026;6;C0119;0
2026;6;C0120;22
2026;6;C0121;20
2026;6;C0122;18
2026;6;C0123;20
2026;6;C0124;22
2026;6;C0125;25
2026;6;C0126;14
2026;6;C0127;14
2026;6;C0129;19
2026;6;C0130;0
2026;6;C0131;24
2026;6;C0132;21
2026;6;C0133;13
2026;6;C0134;0
2026;6;C0135;22
2026;6;C0136;13
2026;6;C0137;0
2026;6;C0138;0
2026;6;C0139;19
2026;6;C0140;17
2026;6;C0141;14
2026;6;C0143;23
2026;6;C0144;13
2026;6;C0145;25
2026;6;C0146;17
2026;6;C0147;0
2026;6;C0148;15
2026;6;C0149;21
2026;6;C0150;0
2026;6;C0151;24
2026;6;C0152;14
2026;6;C0153;19
2026;6;C0154;13
2026;6;C0155;18
2026;6;C0156;16
2026;6;C0157;19
2026;6;C0158;16
2026;6;C0159;13
2026;6;C0160;14
2026;6;C0162;15
2026;6;C0163;13
2026;6;C0164;19
2026;6;C0165;23
2026;6;C0166;0
2026;6;C0167;22
2026;6;C0168;13
2026;6;C0169;0
2026;6;C0170;22
2026;6;C0171;13
2026;6;C0172;19
2026;6;C0173;24
2026;6;C0174;0
2026;6;C0175;0
2026;6;C0176;0
2026;6;C0177;18
2026;6;C0178;20
2026;6;C0179;21
2026;6;C0180;16
2026;6;C0181;0
2026;6;C0182;24
2026;6;C0183;21
2026;6;C0184;15
2026;6;C0185;25
2026;6;C0187;16
2026;6;C0188;20
2026;6;C0189;21
2026;6;C0190;24
2026;6;C0191;23
2026;6;C0192;16
2026;6;C0193;24
2026;6;C0194;23
2026;6;C0195;0
2026;6;C0196;25
2026;6;C0197;26
2026;6;C0198;22
2026;6;C0199;19
2026;6;C0200;16
2026;6;C0201;22
2026;6;C0202;14
2026;6;C0203;0
2026;6;C0204;16
2026;6;C0205;14
2026;6;C0206;18
2026;6;C0207;0
2026;6;C0208;18
2026;6;C0209;16
2026;6;C0210;13
2026;6;C0211;23
2026;6;C0212;0
2026;6;C0213;25
2026;6;C0214;21
2026;6;C0215;21
2026;6;C0216;22
2026;6;C0218;17
2026;6;C0219;17
2026;6;C0220;17
2026;6;C0221;22
2026;6;C0223;15
2026;6;C0224;15
2026;6;C0225;13
2026;6;C0226;0
2026;6;C0227;0
2026;6;C0228;13
2026;6;C0229;17
2026;6;C0230;17
2026;6;C0231;0
2026;6;C0232;19
2026;6;C0233;21
2026;6;C0234;22
2026;6;C0235;0
2026;6;C0236;16
2026;6;C0237;26
2026;6;C0238;23
2026;6;C0239;14
2026;6;C0240;14
2026;6;C0241;19
2026;6;C0242;17
2026;6;C0243;19
2026;6;C0244;16
2026;6;C0245;15
2026;6;C0246;22
2026;6;C0247;19
2026;6;C0248;0
2026;6;C0249;18
2026;6;C0250;26
2026;6;C0251;24
2026;6;C0252;16
2026;6;C0253;17
2026;6;C0254;21
2026;6;C0255;20
2026;6;C0256;0
2026;6;C0257;20
2026;6;C0258;0
2026;6;C0259;22
2026;6;C0261;13
2026;6;C0262;23
2026;6;C0263;0
2026;6;C0264;14
2026;6;C0265;19
2026;6;C0266;23
2026;6;C0267;0
2026;6;C0268;21
2026;6;C0269;19
2026;6;C0270;15
2026;6;C0272;23
2026;6;C0273;24
2026;6;C0274;20
2026;6;C0275;14
2026;6;C0276;0
2026;6;C0277;15
2026;6;C0278;0
2026;6;C0281;0
2026;6;C0282;24
2026;6;C0283;25
2026;6;C0284;17
2026;6;C0285;19
2026;6;C0286;14
2026;6;C0287;15
2026;6;C0288;18
2026;6;C0289;16
2026;6;C0290;24
2026;6;C0291;22
2026;6;C0292;15
2026;6;C0293;21
2026;6;C0294;14
2026;6;C0295;25
2026;6;C0296;26
2026;6;C0297;14
2026;6;C0298;25
2026;6;C0299;18
2026;6;C0300;21
2026;6;C0302;20
2026;6;C0304;24
2026;6;C0305;16
2026;6;C0306;20
2026;6;C0307;16
2026;6;C0308;18
2026;6;C0309;17
2026;6;C0310;25
2026;6;C0311;22
2026;6;C0312;17
2026;6;C0313;20
2026;6;C0315;20
2026;6;C0316;0
2026;6;C0317;22
2026;6;C0318;15
2026;6;C0319;13
2026;6;C0320;0
2026;6;C0321;26
2026;6;C0322;19
2026;6;C0323;23
2026;6;C0324;0
2026;6;C0325;23
2026;6;C0326;14
2026;6;C0327;16
2026;6;C0328;13
2026;6;C0329;16
2026;6;C0331;20
2026;6;C0332;25
2026;6;C0333;22
2026;6;C0334;24
2026;6;C0335;22
2026;6;C0336;0
2026;6;C0337;14
2026;6;C0338;25
2026;6;C0339;18
2026;6;C0340;14
2026;6;C0341;0
2026;6;C0342;26
2026;6;C0343;14
2026;6;C0344;17
2026;6;C0345;21
2026;6;C0346;0
2026;6;C0347;13
2026;6;C0349;21
2026;6;C0350;22
2026;7;C0001;26
2026;7;C0002;17
2026;7;C0003;20
2026;7;C0004;17
2026;7;C0005;25
2026;7;C0006;0
2026;7;C0007;14
2026;7;C0008;25
2026;7;C0009;19
2026;7;C0010;21
2026;7;C0012;26
2026;7;C0013;20
2026;7;C0014;18
2026;7;C0015;20
2026;7;C0016;18
2026;7;C0017;19
2026;7;C0018;17
2026;7;C0019;18
2026;7;C0020;14
2026;7;C0021;14
2026;7;C0022;17
2026;7;C0023;22
2026;7;C0024;13
2026;7;C0025;16
2026;7;C0026;20
2026;7;C0027;19
2026;7;C0028;14
2026;7;C0029;25
2026;7;C0030;23
2026;7;C0031;14
2026;7;C0032;27
2026;7;C0033;20
2026;7;C0034;19
2026;7;C0035;24
2026;7;C0036;22
2026;7;C0037;16
2026;7;C0038;16
2026;7;C0039;19
2026;7;C0040;26
2026;7;C0041;26
2026;7;C0042;26
2026;7;C0043;13
2026;7;C0044;14
2026;7;C0045;19
2026;7;C0047;15
2026;7;C0048;25
2026;7;C0049;26
2026;7;C0050;25
2026;7;C0051;15
2026;7;C0052;0
2026;7;C0053;25
2026;7;C0054;15
2026;7;C0055;23
2026;7;C0056;0
2026;7;C0057;25
2026;7;C0058;16
2026;7;C0059;24
2026;7;C0060;18
2026;7;C0061;18
2026;7;C0062;0
2026;7;C0063;0
2026;7;C0064;24
2026;7;C0065;15
2026;7;C0066;22
2026;7;C0067;17
2026;7;C0069;22
2026;7;C0070;15
2026;7;C0071;18
2026;7;C0072;0
2026;7;C0074;21
2026;7;C0075;16
2026;7;C0076;19
2026;7;C0077;14
2026;7;C0079;15
2026;7;C0080;22
2026;7;C0081;15
2026;7;C0082;14
2026;7;C0083;26
2026;7;C0084;24
2026;7;C0085;21
2026;7;C0087;21
2026;7;C0088;21
2026;7;C0090;20
2026;7;C0091;0
2026;7;C0092;0
2026;7;C0093;22
2026;7;C0094;23
2026;7;C0095;15
2026;7;C0096;24
2026;7;C0097;14
2026;7;C0098;26
2026;7;C0099;20
2026;7;C0100;22
2026;7;C0101;17
2026;7;C0102;15
2026;7;C0103;0
2026;7;C0104;21
2026;7;C0106;25
2026;7;C0107;20
2026;7;C0108;0
2026;7;C0109;25
2026;7;C0110;0
2026;7;C0111;16
2026;7;C0112;18
2026;7;C0113;0
2026;7;C0114;26
2026;7;C0115;16
2026;7;C0116;14
2026;7;C0117;18
2026;7;C0118;19
2026;7;C0120;19
2026;7;C0121;18
2026;7;C0122;17
2026;7;C0123;20
2026;7;C0124;25
2026;7;C0125;17
2026;7;C0126;15
2026;7;C0127;25
2026;7;C0129;25
2026;7;C0130;17
2026;7;C0131;17
2026;7;C0132;18
2026;7;C0133;23
2026;7;C0134;25
2026;7;C0135;17
2026;7;C0136;15
2026;7;C0137;0
2026;7;C0138;24
2026;7;C0139;19
2026;7;C0140;24
2026;7;C0141;14
2026;7;C0143;21
2026;7;C0144;17
2026;7;C0145;25
2026;7;C0146;16
2026;7;C0147;23
2026;7;C0148;18
2026;7;C0149;22
2026;7;C0150;14
2026;7;C0151;26
2026;7;C0152;23
2026;7;C0153;14
2026;7;C0154;24
2026;7;C0155;21
2026;7;C0156;0
2026;7;C0157;14
2026;7;C0158;21
2026;7;C0159;18
2026;7;C0160;24
2026;7;C0162;21
2026;7;C0163;14
2026;7;C0164;18
2026;7;C0165;27
2026;7;C0166;9
2026;7;C0167;13
2026;7;C0168;20
2026;7;C0169;26
2026;7;C0170;22
2026;7;C0171;26
2026;7;C0172;17
2026;7;C0173;21
2026;7;C0174;22
2026;7;C0175;22
2026;7;C0176;0
2026;7;C0177;18
2026;7;C0178;26
2026;7;C0179;21
2026;7;C0180;25
2026;7;C0181;0
2026;7;C0182;17
2026;7;C0183;22
2026;7;C0184;22
2026;7;C0185;17
2026;7;C0187;0
2026;7;C0188;14
2026;7;C0189;16
2026;7;C0190;25
2026;7;C0191;13
2026;7;C0192;17
2026;7;C0193;0
2026;7;C0194;22
2026;7;C0195;24
2026;7;C0196;24
2026;7;C0197;25
2026;7;C0198;21
2026;7;C0199;16
2026;7;C0200;22
2026;7;C0201;20
2026;7;C0202;23
2026;7;C0203;23
2026;7;C0204;26
2026;7;C0205;22
2026;7;C0206;21
2026;7;C0207;13
2026;7;C0208;0
2026;7;C0209;27
2026;7;C0210;18
2026;7;C0211;24
2026;7;C0212;23
2026;7;C0213;19
2026;7;C0214;20
2026;7;C0215;15
2026;7;C0216;25
2026;7;C0218;26
2026;7;C0219;21
2026;7;C0220;19
2026;7;C0221;25
2026;7;C0223;16
2026;7;C0224;24
2026;7;C0225;22
2026;7;C0226;23
2026;7;C0227;18
2026;7;C0228;17
2026;7;C0229;21
2026;7;C0230;22
2026;7;C0231;0
2026;7;C0232;0
2026;7;C0233;0
2026;7;C0234;24
2026;7;C0235;0
2026;7;C0236;20
2026;7;C0237;21
2026;7;C0238;15
2026;7;C0239;23
2026;7;C0240;17
2026;7;C0241;24
2026;7;C0242;18
2026;7;C0243;16
2026;7;C0244;22
2026;7;C0245;27
2026;7;C0246;23
2026;7;C0247;0
2026;7;C0248;26
2026;7;C0249;14
2026;7;C0250;0
2026;7;C0251;23
2026;7;C0252;21
2026;7;C0253;17
2026;7;C0254;24
2026;7;C0255;21
2026;7;C0256;0
2026;7;C0257;19
2026;7;C0258;20
2026;7;C0259;19
2026;7;C0261;17
2026;7;C0262;14
2026;7;C0263;24
2026;7;C0264;15
2026;7;C0265;0
2026;7;C0266;25
2026;7;C0267;0
2026;7;C0268;13
2026;7;C0269;18
2026;7;C0270;13
2026;7;C0272;19
2026;7;C0273;23
2026;7;C0274;27
2026;7;C0275;16
2026;7;C0276;15
2026;7;C0277;20
2026;7;C0278;0
2026;7;C0281;27
2026;7;C0282;21
2026;7;C0283;13
2026;7;C0284;25
2026;7;C0285;20
2026;7;C0286;19
2026;7;C0287;19
2026;7;C0288;22
2026;7;C0289;18
2026;7;C0290;15
2026;7;C0291;25
2026;7;C0292;15
2026;7;C0293;17
2026;7;C0294;20
2026;7;C0295;15
2026;7;C0296;21
2026;7;C0297;18
2026;7;C0298;15
2026;7;C0299;19
2026;7;C0300;17
2026;7;C0302;18
2026;7;C0304;13
2026;7;C0305;21
2026;7;C0306;26
2026;7;C0307;0
2026;7;C0308;20
2026;7;C0309;15
2026;7;C0310;16
2026;7;C0311;14
2026;7;C0312;22
2026;7;C0313;26
2026;7;C0315;23
2026;7;C0316;21
2026;7;C0317;21
2026;7;C0318;22
2026;7;C0319;15
2026;7;C0320;0
2026;7;C0321;23
2026;7;C0322;16
2026;7;C0323;25
2026;7;C0324;17
2026;7;C0325;19
2026;7;C0326;23
2026;7;C0327;24
2026;7;C0328;22
2026;7;C0329;0
2026;7;C0331;14
2026;7;C0332;13
2026;7;C0333;24
2026;7;C0334;13
2026;7;C0335;23
2026;7;C0336;0
2026;7;C0337;17
2026;7;C0338;21
2026;7;C0339;17
2026;7;C0340;25
2026;7;C0341;24
2026;7;C0342;17
2026;7;C0343;16
2026;7;C0344;23
2026;7;C0345;21
2026;7;C0346;18
2026;7;C0347;21
2026;7;C0349;15
2026;7;C0350;18
2026;8;C0001;19
2026;8;C0002;23
2026;8;C0003;20
2026;8;C0004;20
2026;8;C0005;20
2026;8;C0006;0
2026;8;C0007;23
2026;8;C0008;23
2026;8;C0009;13
2026;8;C0010;21
2026;8;C0012;24
2026;8;C0013;19
2026;8;C0014;23
2026;8;C0015;16
2026;8;C0016;16
2026;8;C0017;21
2026;8;C0018;24
2026;8;C0019;14
2026;8;C0020;23
2026;8;C0021;20
2026;8;C0022;19
2026;8;C0023;24
2026;8;C0024;26
2026;8;C0025;17
2026;8;C0026;20
2026;8;C0027;27
2026;8;C0028;14
2026;8;C0029;15
2026;8;C0030;14
2026;8;C0031;19
2026;8;C0032;14
2026;8;C0033;21
2026;8;C0034;14
2026;8;C0035;16
2026;8;C0036;21
2026;8;C0037;14
2026;8;C0038;23
2026;8;C0039;21
2026;8;C0040;25
2026;8;C0041;0
2026;8;C0042;0
2026;8;C0043;26
2026;8;C0044;20
2026;8;C0045;16
2026;8;C0047;19
2026;8;C0048;14
2026;8;C0049;24
2026;8;C0050;13
2026;8;C0051;0
2026;8;C0052;9
2026;8;C0053;19
2026;8;C0054;19
2026;8;C0055;23
2026;8;C0056;0
2026;8;C0057;20
2026;8;C0058;17
2026;8;C0059;14
2026;8;C0060;0
2026;8;C0061;21
2026;8;C0062;15
2026;8;C0063;0
2026;8;C0064;20
2026;8;C0065;19
2026;8;C0066;23
2026;8;C0067;23
2026;8;C0069;20
2026;8;C0070;20
2026;8;C0071;26
2026;8;C0072;0
2026;8;C0074;15
2026;8;C0075;23
2026;8;C0076;23
2026;8;C0077;14
2026;8;C0079;19
2026;8;C0080;27
2026;8;C0081;21
2026;8;C0082;18
2026;8;C0083;26
2026;8;C0084;17
2026;8;C0085;18
2026;8;C0087;21
2026;8;C0088;0
2026;8;C0090;15
2026;8;C0091;18
2026;8;C0092;0
2026;8;C0093;25
2026;8;C0094;15
2026;8;C0095;25
2026;8;C0096;16
2026;8;C0097;23
2026;8;C0098;14
2026;8;C0099;14
2026;8;C0100;25
2026;8;C0101;13
2026;8;C0102;0
2026;8;C0103;0
2026;8;C0104;15
2026;8;C0106;13
2026;8;C0107;14
2026;8;C0108;0
2026;8;C0109;21
2026;8;C0110;0
2026;8;C0111;20
2026;8;C0112;17
2026;8;C0113;14
2026;8;C0114;20
2026;8;C0115;0
2026;8;C0116;14
2026;8;C0117;18
2026;8;C0118;27
2026;8;C0120;15
2026;8;C0121;18
2026;8;C0122;22
2026;8;C0123;22
2026;8;C0124;21
2026;8;C0125;14
2026;8;C0126;16
2026;8;C0127;15
2026;8;C0129;20
2026;8;C0131;20
2026;8;C0132;23
2026;8;C0133;0
2026;8;C0134;17
2026;8;C0135;23
2026;8;C0136;14
2026;8;C0138;17
2026;8;C0139;23
2026;8;C0140;15
2026;8;C0141;27
2026;8;C0143;20
2026;8;C0144;15
2026;8;C0145;21
2026;8;C0146;18
2026;8;C0147;21
2026;8;C0148;21
2026;8;C0149;18
2026;8;C0150;20
2026;8;C0151;24
2026;8;C0152;24
2026;8;C0153;15
2026;8;C0154;21
2026;8;C0155;24
2026;8;C0156;21
2026;8;C0157;18
2026;8;C0158;26
2026;8;C0159;19
2026;8;C0160;23
2026;8;C0162;0
2026;8;C0163;25
2026;8;C0164;15
2026;8;C0165;0
2026;8;C0166;0
2026;8;C0167;21
2026;8;C0168;24
2026;8;C0169;15
2026;8;C0170;26
2026;8;C0171;24
2026;8;C0172;0
2026;8;C0173;26
2026;8;C0174;16
2026;8;C0175;20
2026;8;C0176;0
2026;8;C0177;22
2026;8;C0178;19
2026;8;C0179;21
2026;8;C0180;13
2026;8;C0181;0
2026;8;C0182;13
2026;8;C0183;13
2026;8;C0184;16
2026;8;C0185;20
2026;8;C0187;18
2026;8;C0188;22
2026;8;C0189;20
2026;8;C0190;24
2026;8;C0191;23
2026;8;C0192;19
2026;8;C0193;0
2026;8;C0194;15
2026;8;C0195;0
2026;8;C0196;14
2026;8;C0197;20
2026;8;C0198;21
2026;8;C0199;26
2026;8;C0200;19
2026;8;C0201;24
2026;8;C0202;21
2026;8;C0203;0
2026;8;C0204;21
2026;8;C0205;21
2026;8;C0206;25
2026;8;C0207;14
2026;8;C0208;0
2026;8;C0209;22
2026;8;C0210;19
2026;8;C0211;23
2026;8;C0212;20
2026;8;C0213;18
2026;8;C0214;16
2026;8;C0215;16
2026;8;C0216;22
2026;8;C0218;26
2026;8;C0219;26
2026;8;C0220;26
2026;8;C0221;17
2026;8;C0223;19
2026;8;C0224;13
2026;8;C0225;21
2026;8;C0226;16
2026;8;C0227;0
2026;8;C0228;18
2026;8;C0229;22
2026;8;C0230;19
2026;8;C0231;0
2026;8;C0232;21
2026;8;C0233;20
2026;8;C0234;22
2026;8;C0235;27
2026;8;C0236;23
2026;8;C0237;22
2026;8;C0238;22
2026;8;C0239;24
2026;8;C0240;18
2026;8;C0241;24
2026;8;C0242;14
2026;8;C0243;23
2026;8;C0244;26
2026;8;C0245;20
2026;8;C0246;16
2026;8;C0247;22
2026;8;C0248;24
2026;8;C0249;16
2026;8;C0250;25
2026;8;C0251;17
2026;8;C0252;23
2026;8;C0253;21
2026;8;C0254;22
2026;8;C0255;18
2026;8;C0256;0
2026;8;C0257;25
2026;8;C0258;25
2026;8;C0259;0
2026;8;C0261;15
2026;8;C0262;17
2026;8;C0263;0
2026;8;C0264;17
2026;8;C0265;16
2026;8;C0266;23
2026;8;C0267;0
2026;8;C0268;25
2026;8;C0269;27
2026;8;C0270;19
2026;8;C0272;19
2026;8;C0273;21
2026;8;C0274;21
2026;8;C0275;14
2026;8;C0276;13
2026;8;C0277;19
2026;8;C0278;0
2026;8;C0281;13
2026;8;C0282;26
2026;8;C0283;19
2026;8;C0284;21
2026;8;C0285;20
2026;8;C0286;19
2026;8;C0287;22
2026;8;C0288;21
2026;8;C0289;26
2026;8;C0290;23
2026;8;C0291;26
2026;8;C0292;14
2026;8;C0293;18
2026;8;C0294;15
2026;8;C0295;23
2026;8;C0296;25
2026;8;C0297;25
2026;8;C0298;0
2026;8;C0299;25
2026;8;C0300;18
2026;8;C0302;21
2026;8;C0305;14
2026;8;C0306;21
2026;8;C0307;0
2026;8;C0308;25
2026;8;C0309;0
2026;8;C0310;27
2026;8;C0311;17
2026;8;C0312;15
2026;8;C0313;25
2026;8;C0315;27
2026;8;C0316;0
2026;8;C0317;17
2026;8;C0318;21
2026;8;C0319;19
2026;8;C0320;0
2026;8;C0321;19
2026;8;C0322;25
2026;8;C0323;16
2026;8;C0324;13
2026;8;C0325;14
2026;8;C0326;18
2026;8;C0327;0
2026;8;C0328;14
2026;8;C0329;19
2026;8;C0331;26
2026;8;C0332;0
2026;8;C0333;26
2026;8;C0334;16
2026;8;C0335;0
2026;8;C0336;14
2026;8;C0337;16
2026;8;C0338;19
2026;8;C0339;26
2026;8;C0340;19
2026;8;C0341;16
2026;8;C0342;18
2026;8;C0343;17
2026;8;C0344;16
2026;8;C0345;21
2026;8;C0346;13
2026;8;C0347;24
2026;8;C0349;22
2026;8;C0350;26
