id_cajero;nombre_cajero;id_local_actual;fecha_alta;fecha_baja
C0001;Amaranta Umbriaga;L001;16/01/2025;
C0002;Camilo Ambrusella;L001;15/11/2024;
C0003;Ornella Sanchinelli;L001;12/12/2024;
C0004;Camilo Huaycuré;L001;12/02/2025;
C0005;Joaquín Hormigal;L001;18/01/2024;
C0006;Karina Lastrabales;L001;10/01/2025;
C0007;Bruno Ostrovaldo;L001;05/04/2021;
C0008;Patricio Estrambosi;L002;12/12/2018;
C0009;Belén Tolosendi;L002;16/10/2025;
C0010;Helena Falucchio;L002;30/06/2021;
C0011;Tamara Benavelli;L002;23/12/2024;19/08/2025
C0012;Julieta Kentrola;L002;28/02/2018;
C0013;Helena Huaycuré;L002;05/05/2021;
C0014;Valentina Sanchinelli;L003;25/04/2017;
C0015;Patricio Estrambosi;L003;24/01/2018;
C0016;Camilo Jaramillón;L003;18/02/2021;
C0017;Lautaro Trebuquén;L003;07/10/2024;
C0018;Malena Valdemorín;L002;29/11/2024;
C0019;Vicente Ferrucola;L004;03/04/2024;
C0020;Fiorella Maraviglia;L004;27/11/2025;
C0021;Leandro Ostrovaldo;L004;04/10/2024;
C0022;Vicente Pantalucci;L002;06/11/2017;
C0023;Walter Corcolén;L004;28/01/2025;
C0024;Fiorella Zabalotti;L004;29/01/2023;
C0025;Valentina Kentrola;L004;08/08/2020;
C0026;Carolina Ferrucola;L002;15/12/2024;
C0027;Mariana Valdemorín;L005;21/12/2024;
C0028;Zacarías Lumbrerón;L005;16/01/2025;
C0029;Rocío Corcolén;L005;19/02/2026;
C0030;Elena Pantalucci;L005;23/02/2026;
C0031;Dolores Trebuquén;L005;13/02/2026;
C0032;Rocío Olmedillo;L005;24/02/2026;
C0033;Emiliano Quebrachal;L006;15/06/2023;
C0034;Dolores Pantalucci;L006;27/06/2018;
C0035;Mariana Huaycuré;L006;13/03/2021;
C0036;Trinidad Almazor;L006;18/07/2018;
C0037;Pablo Lumbrerón;L006;06/11/2024;
C0038;Emiliano Ferrucola;L006;01/11/2022;
C0039;Bruno Hormigal;L006;27/06/2023;
C0040;Trinidad Calfuquén;L006;21/06/2017;
C0041;Rocío Garrampa;L006;22/11/2024;
C0042;Zacarías Grimaldez;L006;12/05/2017;
C0043;Renata Esquivelo;L006;08/04/2024;
C0044;Julieta Pescarolo;L006;31/01/2023;
C0045;Gonzalo Falucchio;L006;07/04/2022;
C0046;Camilo Garrampa;L006;24/12/2024;20/03/2026
C0047;Lautaro Grimaldez;L007;10/11/2025;
C0048;Karina Maraviglia;L007;05/11/2024;
C0049;Bautista Kentrola;L007;25/09/2019;
C0050;Trinidad Ferrucola;L007;06/12/2024;
C0051;Vicente Pescarolo;L007;16/02/2019;
C0052;Iván Vergarola;L007;06/11/2024;
C0053;Vicente Huaycuré;L008;25/11/2024;
C0054;Ulises Hormigal;L008;07/01/2025;
C0055;Néstor Ambrusella;L009;21/10/2023;
C0056;Sebastián Quilmestre;L009;09/02/2025;
C0057;Ornella Ipanera;L009;20/08/2024;
C0058;Bautista Falucchio;L009;24/02/2024;
C0059;Gonzalo Estrambosi;L009;04/11/2024;
C0060;Carolina Dulcamonte;L009;10/05/2018;
C0061;Amaranta Ambrusella;L010;31/05/2021;
C0062;Fiorella Delmonteiro;L010;12/02/2024;
C0063;Ulises Urbanelli;L010;12/11/2024;
C0064;Ulises Iribarna;L010;27/04/2020;
C0065;Hernán Falucchio;L010;10/04/2021;
C0066;Elena Zunzarrén;L010;05/02/2022;
C0067;Vicente Quebrachal;L010;30/05/2026;
C0068;Belén Ambrusella;L010;19/11/2024;25/05/2026
C0069;Ulises Yaguaretti;L010;01/02/2025;
C0070;Tamara Pescarolo;L010;08/01/2025;
C0071;Carolina Ferrucola;L010;07/11/2025;
C0072;Joaquín Falucchio;L010;20/09/2017;
C0073;Olga Nievarola;L010;02/05/2026;
C0074;Bruno Urbanelli;L009;27/07/2020;
C0075;Gonzalo Huaycuré;L011;05/11/2024;
C0076;Olga Ferrucola;L011;22/02/2020;
C0077;Damián Calfuquén;L011;25/04/2020;
C0078;Mariana Almazor;L011;26/03/2026;
C0079;Rocío Pantalucci;L012;24/08/2021;
C0080;Walter Lumbrerón;L013;12/11/2017;
C0081;Valentina Ostrovaldo;L012;13/06/2022;
C0082;Ulises Xironte;L013;01/08/2024;
C0083;Joaquín Valdemorín;L013;26/03/2024;
C0084;Amaranta Esquivelo;L013;10/07/2023;
C0085;Trinidad Jaramillón;L013;24/03/2026;
C0086;Belén Zunzarrén;L013;10/12/2019;01/08/2025
C0087;Rocío Calfuquén;L013;05/04/2017;
C0088;Damián Maraviglia;L013;12/09/2023;
C0089;Ulises Lastrabales;L014;14/01/2025;06/11/2025
C0090;Belén Ferrucola;L014;16/03/2026;
C0091;Lautaro Grimaldez;L014;21/12/2024;
C0092;Trinidad Corcolén;L014;06/09/2017;
C0093;Julieta Delmonteiro;L015;05/10/2024;
C0094;Ornella Almazor;L015;02/02/2022;
C0095;Amaranta Kentrola;L015;11/06/2026;
C0096;Camilo Hormigal;L015;02/05/2026;
C0097;Carolina Yaguaretti;L015;05/05/2026;
C0098;Bruno Ruzzatti;L016;31/03/2019;
C0099;Yamila Melquiadez;L016;12/10/2025;
C0100;Camilo Jaramillón;L017;04/03/2023;
C0101;Camilo Nievarola;L017;10/11/2022;
C0102;Gonzalo Grimaldez;L017;06/09/2025;
C0103;Helena Iribarna;L017;17/11/2024;
C0104;Agustina Lumbrerón;L017;23/09/2017;
C0105;Joaquín Corcolén;L017;15/11/2023;06/03/2025
C0106;Zacarías Norquinche;L018;23/06/2024;
C0107;Helena Bardanella;L018;12/10/2024;
C0108;Bautista Esquivelo;L018;08/05/2022;
C0109;Olga Huaycuré;L018;24/01/2023;
C0110;Renata Nievarola;L018;15/06/2024;
C0111;Camilo Benavelli;L019;07/10/2024;
C0112;Rocío Delmonteiro;L019;06/04/2022;
C0113;Pablo Garrampa;L019;28/01/2020;
C0114;Helena Delmonteiro;L019;02/01/2020;
C0115;Joaquín Quilmestre;L019;10/10/2024;
C0116;Iván Grimaldez;L019;05/06/2024;
C0117;Dolores Ruzzatti;L019;15/08/2017;
C0118;Nicolás Almazor;L019;18/03/2024;
C0119;Yamila Ruzzatti;L020;07/08/2022;30/06/2026
C0120;Vicente Tolosendi;L021;04/08/2022;
C0121;Carolina Yaguaretti;L021;21/03/2020;
C0122;Vicente Urbanelli;L021;04/11/2025;
C0123;Gonzalo Ambrusella;L021;07/05/2024;
C0124;Emiliano Sotomarino;L022;09/05/2021;
C0125;Walter Norquinche;L022;04/11/2024;
C0126;Irina Garrampa;L022;01/05/2020;
C0127;Ornella Almazor;L022;05/09/2017;
C0128;Lautaro Urbanelli;L022;28/05/2026;
C0129;Irina Jaramillón;L022;09/02/2026;
C0130;Zacarías Kentrola;L023;22/11/2023;03/07/2026
C0131;Vicente Lumbrerón;L021;23/02/2024;
C0132;Gonzalo Olmedillo;L023;09/09/2024;
C0133;Leandro Vergarola;L023;09/12/2024;
C0134;Dolores Lastrabales;L023;10/09/2021;
C0135;Iván Trebuquén;L023;21/01/2018;
C0136;Carolina Falucchio;L024;09/12/2019;
C0137;Néstor Garrampa;L024;07/09/2023;22/07/2026
C0138;Irina Ipanera;L024;19/09/2025;
C0139;Camilo Sotomarino;L024;06/06/2024;
C0140;Zacarías Zunzarrén;L024;28/03/2021;
C0141;Carolina Lastrabales;L024;29/07/2019;
C0142;Tamara Ferrucola;L024;28/01/2026;
C0143;Vicente Delmonteiro;L024;19/08/2020;
C0144;Celeste Hormigal;L025;09/10/2023;
C0145;Camilo Quilmestre;L025;14/09/2024;
C0146;Vicente Estrambosi;L025;04/11/2024;
C0147;Dolores Sanchinelli;L025;04/03/2023;
C0148;Ximena Olmedillo;L025;27/09/2022;
C0149;Ornella Lumbrerón;L025;11/12/2021;
C0150;Bautista Rivadenza;L025;16/06/2024;
C0151;Carolina Ruzzatti;L025;15/01/2019;
C0152;Damián Jurelli;L026;01/06/2017;
C0153;Ulises Jurelli;L026;04/12/2022;
C0154;Bautista Estrambosi;L026;27/09/2020;
C0155;Camilo Valdemorín;L027;08/05/2021;
C0156;Dolores Xironte;L027;12/04/2017;
C0157;Joaquín Melquiadez;L027;26/12/2018;
C0158;Sebastián Estrambosi;L027;22/05/2024;
C0159;Sebastián Ruzzatti;L027;12/05/2021;
C0160;Patricio Huaycuré;L027;29/02/2024;
C0161;Ulises Quebrachal;L028;15/11/2024;08/03/2026
C0162;Sebastián Quilmestre;L028;01/09/2020;
C0163;Gabriela Ipanera;L029;20/10/2020;
C0164;Helena Estrambosi;L029;29/09/2018;
C0165;Leandro Grimaldez;L029;09/01/2017;
C0166;Mariana Ambrusella;L030;20/09/2025;
C0167;Lautaro Rivadenza;L030;17/12/2024;
C0168;Camilo Ruzzatti;L030;22/04/2024;
C0169;Karina Pescarolo;L030;21/02/2026;
C0170;Diego Ferrucola;L030;13/01/2024;
C0171;Amaranta Almazor;L031;09/10/2017;
C0172;Emiliano Ostrovaldo;L031;31/01/2022;
C0173;Vicente Yaguaretti;L031;05/06/2019;
C0174;Julieta Norquinche;L031;27/05/2019;
C0175;Vicente Garrampa;L031;09/11/2025;
C0176;Diego Ostrovaldo;L032;27/02/2022;
C0177;Belén Vergarola;L032;07/11/2023;
C0178;Carolina Ipanera;L032;21/02/2024;
C0179;Ornella Wollembaum;L032;10/01/2021;
C0180;Celeste Maraviglia;L033;27/09/2025;
C0181;Yamila Huaycuré;L033;03/12/2021;
C0182;Ornella Esquivelo;L034;26/11/2017;
C0183;Irina Dulcamonte;L034;11/11/2024;
C0184;Fiorella Ambrusella;L034;07/12/2018;
C0185;Facundo Jaramillón;L034;03/12/2024;
C0186;Emiliano Almazor;L034;21/11/2024;18/02/2026
C0187;Lautaro Ambrusella;L034;06/06/2026;
C0188;Diego Huaycuré;L034;27/11/2024;
C0189;Pablo Pescarolo;L034;02/02/2025;
C0190;Carolina Ambrusella;L036;27/10/2020;
C0191;Patricio Ruzzatti;L035;27/11/2024;
C0192;Emiliano Bardanella;L035;08/06/2023;
C0193;Karina Sanchinelli;L035;01/08/2024;
C0194;Ulises Yaguaretti;L035;02/11/2017;
C0195;Iván Grimaldez;L036;10/11/2025;
C0196;Mariana Jurelli;L036;15/03/2018;
C0197;Malena Umbriaga;L036;23/05/2023;
C0198;Valentina Tolosendi;L036;19/08/2023;
C0199;Valentina Quilmestre;L036;04/06/2023;
C0200;Elena Umbriaga;L036;15/08/2024;
C0201;Néstor Jurelli;L036;08/06/2018;
C0202;Julieta Xironte;L036;15/12/2017;
C0203;Leandro Corcolén;L036;07/01/2025;
C0204;Bautista Kentrola;L036;10/08/2021;
C0205;Néstor Ambrusella;L036;31/12/2024;
C0206;Joaquín Bardanella;L037;13/08/2022;
C0207;Elena Yaguaretti;L037;05/03/2019;
C0208;Valentina Ipanera;L037;11/12/2024;
C0209;Olga Vergarola;L037;27/07/2024;
C0210;Emiliano Lumbrerón;L037;01/12/2023;
C0211;Facundo Nievarola;L037;07/04/2019;
C0212;Fiorella Sanchinelli;L038;08/06/2024;
C0213;Nicolás Nievarola;L038;22/05/2024;
C0214;Amaranta Pantalucci;L038;28/12/2024;
C0215;Dolores Nievarola;L038;23/12/2024;
C0216;Amaranta Maraviglia;L038;01/10/2025;
C0217;Gonzalo Kentrola;L038;31/05/2026;
C0218;Néstor Quilmestre;L039;29/03/2018;
C0219;Ximena Bardanella;L039;28/10/2025;
C0220;Ulises Garrampa;L039;26/11/2023;
C0221;Camilo Urbanelli;L039;27/12/2023;
C0222;Facundo Norquinche;L039;04/03/2025;
C0223;Julieta Falucchio;L039;11/10/2023;
C0224;Nicolás Jaramillón;L040;01/09/2025;
C0225;Julieta Ruzzatti;L040;30/09/2020;
C0226;Joaquín Urbanelli;L040;27/06/2026;
C0227;Leandro Calfuquén;L040;07/04/2026;
C0228;Belén Pantalucci;L041;13/09/2024;
C0229;Karina Lastrabales;L041;15/04/2024;
C0230;Pablo Zunzarrén;L041;15/02/2025;
C0231;Sebastián Nievarola;L041;09/10/2022;
C0232;Emiliano Wollembaum;L041;30/08/2022;
C0233;Ornella Dulcamonte;L041;12/09/2018;
C0234;Gonzalo Corcolén;L041;05/07/2022;
C0235;Olga Zunzarrén;L042;01/04/2020;
C0236;Irina Maraviglia;L042;31/05/2022;
C0237;Rocío Trebuquén;L042;17/07/2024;
C0238;Damián Yaguaretti;L045;21/07/2022;
C0239;Valentina Huaycuré;L043;14/06/2026;
C0240;Iván Tolosendi;L043;17/10/2022;
C0241;Karina Hormigal;L043;05/08/2020;
C0242;Dolores Tolosendi;L043;05/12/2025;
C0243;Leandro Olmedillo;L045;20/08/2022;
C0244;Karina Quilmestre;L043;24/11/2024;
C0245;Ornella Delmonteiro;L043;01/12/2025;
C0246;Santiago Lastrabales;L043;22/01/2025;
C0247;Zacarías Umbriaga;L043;14/08/2024;
C0248;Hernán Wollembaum;L043;29/01/2023;
C0249;Pablo Sanchinelli;L043;17/06/2022;
C0250;Bruno Rivadenza;L043;06/10/2022;03/08/2026
C0251;Emiliano Bardanella;L044;19/05/2019;
C0252;Lautaro Jurelli;L044;27/05/2020;
C0253;Emiliano Umbriaga;L044;02/12/2024;
C0254;Helena Nievarola;L044;15/11/2024;
C0255;Camilo Jurelli;L044;05/07/2024;
C0256;Ornella Nievarola;L044;10/09/2024;
C0257;Santiago Falucchio;L044;05/09/2017;
C0258;Bruno Quebrachal;L044;09/03/2024;
C0259;Celeste Ferrucola;L044;07/06/2017;
C0260;Olga Valdemorín;L044;16/08/2017;22/02/2026
C0261;Fiorella Ambrusella;L044;29/01/2025;
C0262;Néstor Falucchio;L044;24/02/2018;
C0263;Julieta Almazor;L044;12/01/2025;
C0264;Zacarías Quilmestre;L044;13/11/2018;
C0265;Néstor Estrambosi;L045;15/11/2025;
C0266;Carolina Vergarola;L045;16/01/2021;
C0267;Agustina Garrampa;L045;24/07/2024;
C0268;Sebastián Ruzzatti;L045;18/04/2024;
C0269;Joaquín Lastrabales;L045;19/10/2017;
C0270;Ulises Estrambosi;L045;24/01/2025;
C0271;Patricio Umbriaga;L046;16/06/2026;
C0272;Karina Lastrabales;L046;06/12/2024;
C0273;Valentina Valdemorín;L046;31/08/2024;
C0274;Olga Pescarolo;L046;20/09/2022;
C0275;Emiliano Zabalotti;L046;25/07/2019;
C0276;Amaranta Rivadenza;L047;25/03/2024;
C0277;Santiago Hormigal;L048;24/12/2024;
C0278;Diego Melquiadez;L047;07/10/2025;
C0279;Iván Ostrovaldo;L048;28/09/2025;
C0280;Patricio Quebrachal;L048;09/03/2018;08/10/2025
C0281;Ornella Xironte;L048;26/02/2017;
C0282;Mariana Vergarola;L049;20/09/2024;
C0283;Diego Ambrusella;L049;19/07/2023;
C0284;Julieta Xironte;L049;12/09/2018;
C0285;Olga Jurelli;L049;18/11/2025;
C0286;Ximena Pescarolo;L050;23/08/2023;
C0287;Tamara Yaguaretti;L050;10/01/2018;
C0288;Patricio Huaycuré;L050;21/01/2026;
C0289;Irina Pescarolo;L050;10/10/2019;
C0290;Ornella Jaramillón;L050;27/12/2024;
C0291;Hernán Lastrabales;L050;06/09/2023;
C0292;Renata Delmonteiro;L051;14/08/2017;
C0293;Malena Maraviglia;L051;20/04/2026;
C0294;Ornella Ruzzatti;L051;31/12/2023;
C0295;Olga Kentrola;L051;01/04/2026;
C0296;Mariana Ferrucola;L051;25/10/2024;
C0297;Gonzalo Pescarolo;L051;19/09/2025;
C0298;Gonzalo Dulcamonte;L051;15/11/2023;
C0299;Malena Quilmestre;L051;23/08/2018;
C0300;Julieta Iribarna;L050;14/09/2019;
C0301;Carolina Ambrusella;L051;15/11/2025;26/05/2026
C0302;Facundo Garrampa;L051;24/11/2024;
C0303;Emiliano Quebrachal;L052;14/09/2021;01/05/2026
C0304;Belén Norquinche;L052;15/08/2021;12/07/2026
C0305;Ulises Maraviglia;L052;28/04/2026;
C0306;Olga Quebrachal;L052;01/02/2026;
C0307;Vicente Umbriaga;L052;29/05/2017;
C0308;Bruno Valdemorín;L052;05/12/2024;
C0309;Bautista Grimaldez;L052;19/03/2026;
C0310;Valentina Valdemorín;L052;16/08/2024;
C0311;Ornella Almazor;L052;07/12/2024;
C0312;Zacarías Corcolén;L052;11/04/2017;
C0313;Malena Maraviglia;L052;13/06/2026;
C0314;Irina Trebuquén;L052;25/12/2023;01/03/2026
C0315;Nicolás Nievarola;L054;15/06/2020;
C0316;Sebastián Urbanelli;L053;09/02/2021;
C0317;Yamila Jaramillón;L054;23/08/2021;
C0318;Damián Dulcamonte;L054;22/11/2023;
C0319;Helena Nievarola;L054;06/04/2019;
C0320;Olga Maraviglia;L054;06/07/2024;
C0321;Irina Almazor;L055;14/10/2024;
C0322;Walter Ipanera;L055;12/03/2020;
C0323;Malena Corcolén;L055;28/04/2024;
C0324;Diego Jurelli;L055;04/12/2020;
C0325;Bruno Rivadenza;L055;24/09/2023;
C0326;Mariana Esquivelo;L056;28/02/2022;
C0327;Ulises Ruzzatti;L056;15/01/2025;
C0328;Tamara Dulcamonte;L057;24/08/2024;
C0329;Santiago Delmonteiro;L057;13/12/2024;
C0330;Joaquín Huaycuré;L057;12/04/2026;
C0331;Trinidad Hormigal;L057;09/01/2025;
C0332;Gabriela Vergarola;L057;01/04/2017;
C0333;Facundo Kentrola;L057;30/12/2021;
C0334;Renata Jaramillón;L057;16/09/2019;
C0335;Nicolás Ambrusella;L057;14/02/2017;
C0336;Yamila Urbanelli;L058;01/04/2024;
C0337;Helena Valdemorín;L058;24/10/2022;
C0338;Belén Ferrucola;L058;19/09/2023;
C0339;Damián Almazor;L058;30/03/2023;
C0340;Elena Ostrovaldo;L058;13/11/2018;
C0341;Ulises Sotomarino;L059;21/10/2017;
C0342;Irina Esquivelo;L059;28/11/2024;
C0343;Tamara Dulcamonte;L059;09/04/2023;
C0344;Leandro Lastrabales;L059;08/02/2024;
C0345;Olga Ipanera;L059;25/07/2024;
C0346;Emiliano Almazor;L059;02/11/2023;
C0347;Mariana Estrambosi;L059;30/05/2024;
C0348;Patricio Zunzarrén;L059;18/04/2026;
C0349;Camilo Bardanella;L060;14/05/2020;
C0350;Nicolás Tolosendi;L060;04/07/2017;
