id_cajero;fecha;nombre_capacitacion
C0140;18/02/2026;Prevención de fraude en caja
C0156;18/02/2026;Prevención de fraude en caja
C0159;18/02/2026;Prevención de fraude en caja
C0147;18/02/2026;Prevención de fraude en caja
C0228;18/02/2026;Prevención de fraude en caja
C0077;18/02/2026;Prevención de fraude en caja
C0111;18/02/2026;Prevención de fraude en caja
C0299;18/02/2026;Prevención de fraude en caja
C0081;18/02/2026;Prevención de fraude en caja
C0253;18/02/2026;Prevención de fraude en caja
C0139;18/02/2026;Prevención de fraude en caja
C0234;18/02/2026;Prevención de fraude en caja
C0252;18/02/2026;Prevención de fraude en caja
C0290;18/02/2026;Prevención de fraude en caja
C0153;18/02/2026;Prevención de fraude en caja
C0143;18/02/2026;Prevención de fraude en caja
C0318;18/02/2026;Prevención de fraude en caja
C0285;18/02/2026;Prevención de fraude en caja
C0320;18/02/2026;Prevención de fraude en caja
C0056;18/02/2026;Prevención de fraude en caja
C0275;18/02/2026;Prevención de fraude en caja
C0179;18/02/2026;Prevención de fraude en caja
C0181;18/02/2026;Prevención de fraude en caja
C0033;18/02/2026;Prevención de fraude en caja
C0046;18/02/2026;Prevención de fraude en caja
C0021;18/02/2026;Prevención de fraude en caja
C0193;18/02/2026;Prevención de fraude en caja
C0044;18/02/2026;Prevención de fraude en caja
C0092;18/02/2026;Prevención de fraude en caja
C0213;18/02/2026;Prevención de fraude en caja
C0267;18/02/2026;Prevención de fraude en caja
C0093;18/02/2026;Prevención de fraude en caja
C0306;18/02/2026;Prevención de fraude en caja
C0323;18/02/2026;Prevención de fraude en caja
C0168;18/02/2026;Prevención de fraude en caja
C0189;18/02/2026;Prevención de fraude en caja
C0008;18/02/2026;Prevención de fraude en caja
C0091;18/02/2026;Prevención de fraude en caja
C0276;18/02/2026;Prevención de fraude en caja
C0204;18/02/2026;Prevención de fraude en caja
C0255;18/02/2026;Prevención de fraude en caja
C0279;18/02/2026;Prevención de fraude en caja
C0190;18/02/2026;Prevención de fraude en caja
C0022;18/02/2026;Prevención de fraude en caja
C0211;18/02/2026;Prevención de fraude en caja
C0209;18/02/2026;Prevención de fraude en caja
C0133;18/02/2026;Prevención de fraude en caja
C0205;18/02/2026;Prevención de fraude en caja
C0040;18/02/2026;Prevención de fraude en caja
C0157;18/02/2026;Prevención de fraude en caja
C0001;18/02/2026;Prevención de fraude en caja
C0058;18/02/2026;Prevención de fraude en caja
C0286;18/02/2026;Prevención de fraude en caja
C0284;18/02/2026;Prevención de fraude en caja
C0142;18/02/2026;Prevención de fraude en caja
C0288;24/03/2026;Nueva terminal: operatoria básica
C0035;24/03/2026;Nueva terminal: operatoria básica
C0026;24/03/2026;Nueva terminal: operatoria básica
C0032;24/03/2026;Nueva terminal: operatoria básica
C0181;24/03/2026;Nueva terminal: operatoria básica
C0050;24/03/2026;Nueva terminal: operatoria básica
C0335;24/03/2026;Nueva terminal: operatoria básica
C0225;24/03/2026;Nueva terminal: operatoria básica
C0059;24/03/2026;Nueva terminal: operatoria básica
C0109;24/03/2026;Nueva terminal: operatoria básica
C0146;24/03/2026;Nueva terminal: operatoria básica
C0190;24/03/2026;Nueva terminal: operatoria básica
C0003;24/03/2026;Nueva terminal: operatoria básica
C0148;24/03/2026;Nueva terminal: operatoria básica
C0316;24/03/2026;Nueva terminal: operatoria básica
C0118;24/03/2026;Nueva terminal: operatoria básica
C0069;24/03/2026;Nueva terminal: operatoria básica
C0277;24/03/2026;Nueva terminal: operatoria básica
C0291;24/03/2026;Nueva terminal: operatoria básica
C0088;24/03/2026;Nueva terminal: operatoria básica
C0183;24/03/2026;Nueva terminal: operatoria básica
C0276;24/03/2026;Nueva terminal: operatoria básica
C0152;24/03/2026;Nueva terminal: operatoria básica
C0185;24/03/2026;Nueva terminal: operatoria básica
C0278;24/03/2026;Nueva terminal: operatoria básica
C0258;24/03/2026;Nueva terminal: operatoria básica
C0257;24/03/2026;Nueva terminal: operatoria básica
C0107;24/03/2026;Nueva terminal: operatoria básica
C0229;24/03/2026;Nueva terminal: operatoria básica
C0169;24/03/2026;Nueva terminal: operatoria básica
C0199;24/03/2026;Nueva terminal: operatoria básica
C0017;24/03/2026;Nueva terminal: operatoria básica
C0297;24/03/2026;Nueva terminal: operatoria básica
C0047;24/03/2026;Nueva terminal: operatoria básica
C0200;24/03/2026;Nueva terminal: operatoria básica
C0222;24/03/2026;Nueva terminal: operatoria básica
C0177;24/03/2026;Nueva terminal: operatoria básica
C0101;24/03/2026;Nueva terminal: operatoria básica
C0275;24/03/2026;Nueva terminal: operatoria básica
C0160;24/03/2026;Nueva terminal: operatoria básica
C0196;24/03/2026;Nueva terminal: operatoria básica
C0029;24/03/2026;Nueva terminal: operatoria básica
C0134;24/03/2026;Nueva terminal: operatoria básica
C0154;24/03/2026;Nueva terminal: operatoria básica
C0004;24/03/2026;Nueva terminal: operatoria básica
C0162;24/03/2026;Nueva terminal: operatoria básica
C0060;24/03/2026;Nueva terminal: operatoria básica
C0272;24/03/2026;Nueva terminal: operatoria básica
C0157;24/03/2026;Nueva terminal: operatoria básica
C0213;24/03/2026;Nueva terminal: operatoria básica
C0178;24/03/2026;Nueva terminal: operatoria básica
C0208;24/03/2026;Nueva terminal: operatoria básica
C0010;13/05/2026;Atención al cliente y tiempos de espera
C0040;13/05/2026;Atención al cliente y tiempos de espera
C0213;13/05/2026;Atención al cliente y tiempos de espera
C0290;13/05/2026;Atención al cliente y tiempos de espera
C0099;13/05/2026;Atención al cliente y tiempos de espera
C0283;13/05/2026;Atención al cliente y tiempos de espera
C0345;13/05/2026;Atención al cliente y tiempos de espera
C0139;13/05/2026;Atención al cliente y tiempos de espera
C0331;13/05/2026;Atención al cliente y tiempos de espera
C0261;13/05/2026;Atención al cliente y tiempos de espera
C0324;13/05/2026;Atención al cliente y tiempos de espera
C0275;13/05/2026;Atención al cliente y tiempos de espera
C0072;13/05/2026;Atención al cliente y tiempos de espera
C0160;13/05/2026;Atención al cliente y tiempos de espera
C0350;13/05/2026;Atención al cliente y tiempos de espera
C0190;13/05/2026;Atención al cliente y tiempos de espera
C0262;13/05/2026;Atención al cliente y tiempos de espera
C0048;13/05/2026;Atención al cliente y tiempos de espera
C0233;13/05/2026;Atención al cliente y tiempos de espera
C0267;13/05/2026;Atención al cliente y tiempos de espera
C0266;13/05/2026;Atención al cliente y tiempos de espera
C0111;25/06/2026;Controles de efectivo y arqueo
C0172;25/06/2026;Controles de efectivo y arqueo
C0108;25/06/2026;Controles de efectivo y arqueo
C0285;25/06/2026;Controles de efectivo y arqueo
C0274;25/06/2026;Controles de efectivo y arqueo
C0204;25/06/2026;Controles de efectivo y arqueo
C0306;25/06/2026;Controles de efectivo y arqueo
C0044;25/06/2026;Controles de efectivo y arqueo
C0191;25/06/2026;Controles de efectivo y arqueo
C0166;25/06/2026;Controles de efectivo y arqueo
C0175;25/06/2026;Controles de efectivo y arqueo
C0237;25/06/2026;Controles de efectivo y arqueo
C0037;25/06/2026;Controles de efectivo y arqueo
C0121;25/06/2026;Controles de efectivo y arqueo
C0104;25/06/2026;Controles de efectivo y arqueo
C0222;25/06/2026;Controles de efectivo y arqueo
C0224;25/06/2026;Controles de efectivo y arqueo
C0263;25/06/2026;Controles de efectivo y arqueo
C0137;25/06/2026;Controles de efectivo y arqueo
C0318;25/06/2026;Controles de efectivo y arqueo
C0179;25/06/2026;Controles de efectivo y arqueo
C0153;25/06/2026;Controles de efectivo y arqueo
C0142;25/06/2026;Controles de efectivo y arqueo
C0334;25/06/2026;Controles de efectivo y arqueo
C0055;25/06/2026;Controles de efectivo y arqueo
C0294;25/06/2026;Controles de efectivo y arqueo
C0217;25/06/2026;Controles de efectivo y arqueo
C0277;25/06/2026;Controles de efectivo y arqueo
C0343;25/06/2026;Controles de efectivo y arqueo
C0115;25/06/2026;Controles de efectivo y arqueo
C0346;25/06/2026;Controles de efectivo y arqueo
C0002;25/06/2026;Controles de efectivo y arqueo
C0220;29/07/2026;Envíos y pagos: casos especiales
C0147;29/07/2026;Envíos y pagos: casos especiales
C0339;29/07/2026;Envíos y pagos: casos especiales
C0052;29/07/2026;Envíos y pagos: casos especiales
C0042;29/07/2026;Envíos y pagos: casos especiales
C0269;29/07/2026;Envíos y pagos: casos especiales
C0003;29/07/2026;Envíos y pagos: casos especiales
C0346;29/07/2026;Envíos y pagos: casos especiales
C0066;29/07/2026;Envíos y pagos: casos especiales
C0348;29/07/2026;Envíos y pagos: casos especiales
C0256;29/07/2026;Envíos y pagos: casos especiales
C0001;29/07/2026;Envíos y pagos: casos especiales
C0212;29/07/2026;Envíos y pagos: casos especiales
C0160;29/07/2026;Envíos y pagos: casos especiales
C0055;29/07/2026;Envíos y pagos: casos especiales
C0231;29/07/2026;Envíos y pagos: casos especiales
C0184;29/07/2026;Envíos y pagos: casos especiales
C0125;29/07/2026;Envíos y pagos: casos especiales
C0024;29/07/2026;Envíos y pagos: casos especiales
C0253;29/07/2026;Envíos y pagos: casos especiales
C0143;29/07/2026;Envíos y pagos: casos especiales
C0297;29/07/2026;Envíos y pagos: casos especiales
C0343;29/07/2026;Envíos y pagos: casos especiales
C0065;29/07/2026;Envíos y pagos: casos especiales
C0014;29/07/2026;Envíos y pagos: casos especiales
C0120;29/07/2026;Envíos y pagos: casos especiales
C0336;29/07/2026;Envíos y pagos: casos especiales
C0302;29/07/2026;Envíos y pagos: casos especiales
C0101;29/07/2026;Envíos y pagos: casos especiales
C0324;29/07/2026;Envíos y pagos: casos especiales
C0331;29/07/2026;Envíos y pagos: casos especiales
C0228;29/07/2026;Envíos y pagos: casos especiales
C0159;29/07/2026;Envíos y pagos: casos especiales
C0102;29/07/2026;Envíos y pagos: casos especiales
C0259;29/07/2026;Envíos y pagos: casos especiales
C0197;29/07/2026;Envíos y pagos: casos especiales
C0254;29/07/2026;Envíos y pagos: casos especiales
C0242;29/07/2026;Envíos y pagos: casos especiales
C0204;29/07/2026;Envíos y pagos: casos especiales
