fecha;titulo;descripcion;jefe_zonal
13/01/2025;Arranque del plan de red;Se define el plan anual de cobertura y el objetivo de operaciones por local.;
07/04/2025;Nuevos límites por operación;Entra en vigencia el esquema de límites por operación para toda la red.;
19/08/2025;Refuerzo de plantel en Cuyo;Se suman cajeros en los locales de mayor espera de la zona.;Omar Zurrieta
01/12/2025;Campaña de fin de año;Extensión horaria y refuerzo de caja durante todo diciembre.;
01/02/2026;Apertura de Sucursal Villa Arrayán V;Nuevo local en una localidad de alta demanda, con plantel mixto.;Dora Vergarola
16/03/2026;Despliegue de la nueva terminal;Se reemplaza la terminal de caja en toda la red, con capacitación previa.;
01/05/2026;Apertura de Sucursal Colonia Tremolar;Segunda apertura del año, para descomprimir los locales vecinos.;Hugo Trebuquén
30/06/2026;Cierre de Sucursal Fortín Dalmecia II;Se cierra el local y su plantel se reasigna a los locales de la misma localidad.;Hugo Trebuquén
10/07/2026;Programa de mentoreo interno;Los cajeros de productividad alta acompañan a los de ingreso reciente.;
