anio;mes;id_cajero;id_local;grupo;tipo_operacion;cantidad;cantidad_rechazadas
2026;1;C0001;L001;MT;Envios;45;0
2026;1;C0001;L001;SF2 sin TEC;Negativos;93;0
2026;1;C0001;L001;MT;Pagos;68;0
2026;1;C0001;L001;SF2 sin TEC;Positivo Debito;204;0
2026;1;C0001;L001;SF2 sin TEC;Positivo QR;50;0
2026;1;C0001;L001;SF2 sin TEC;SF2 Positivo;849;8
2026;1;C0001;L001;TEC;TEC Desembolsos;1;0
2026;1;C0002;L001;MT;Envios;45;1
2026;1;C0002;L001;SF2 sin TEC;Negativos;164;2
2026;1;C0002;L001;MT;Pagos;117;2
2026;1;C0002;L001;SF2 sin TEC;Positivo Debito;450;14
2026;1;C0002;L001;SF2 sin TEC;Positivo QR;89;1
2026;1;C0002;L001;SF2 sin TEC;SF2 Positivo;1157;40
2026;1;C0002;L001;TEC;TEC Desembolsos;2;0
2026;1;C0003;L001;MT;Envios;142;2
2026;1;C0003;L001;SF2 sin TEC;Negativos;345;6
2026;1;C0003;L001;MT;Pagos;297;5
2026;1;C0003;L001;SF2 sin TEC;Positivo Debito;946;25
2026;1;C0003;L001;SF2 sin TEC;Positivo QR;175;3
2026;1;C0003;L001;SF2 sin TEC;SF2 Positivo;2910;53
2026;1;C0003;L001;TEC;TEC Desembolsos;4;0
2026;1;C0004;L001;MT;Envios;20;0
2026;1;C0004;L001;SF2 sin TEC;Negativos;38;1
2026;1;C0004;L001;MT;Pagos;44;0
2026;1;C0004;L001;SF2 sin TEC;Positivo Debito;105;1
2026;1;C0004;L001;SF2 sin TEC;Positivo QR;21;0
2026;1;C0004;L001;SF2 sin TEC;SF2 Positivo;275;8
2026;1;C0004;L001;TEC;TEC Desembolsos;1;0
2026;1;C0005;L001;MT;Envios;128;2
2026;1;C0005;L001;SF2 sin TEC;Negativos;350;2
2026;1;C0005;L001;MT;Pagos;237;2
2026;1;C0005;L001;SF2 sin TEC;Positivo Debito;677;7
2026;1;C0005;L001;SF2 sin TEC;Positivo QR;181;2
2026;1;C0005;L001;SF2 sin TEC;SF2 Positivo;2305;20
2026;1;C0005;L001;TEC;TEC Desembolsos;4;0
2026;1;C0006;L001;MT;Envios;50;0
2026;1;C0006;L001;SF2 sin TEC;Negativos;95;1
2026;1;C0006;L001;MT;Pagos;111;1
2026;1;C0006;L001;SF2 sin TEC;Positivo Debito;329;3
2026;1;C0006;L001;SF2 sin TEC;Positivo QR;92;0
2026;1;C0006;L001;SF2 sin TEC;SF2 Positivo;654;9
2026;1;C0006;L001;TEC;TEC Desembolsos;2;0
2026;1;C0007;L001;MT;Envios;30;0
2026;1;C0007;L001;SF2 sin TEC;Negativos;56;0
2026;1;C0007;L001;MT;Pagos;57;0
2026;1;C0007;L001;SF2 sin TEC;Positivo Debito;157;1
2026;1;C0007;L001;SF2 sin TEC;Positivo QR;37;0
2026;1;C0007;L001;SF2 sin TEC;SF2 Positivo;511;3
2026;1;C0007;L001;TEC;TEC Desembolsos;1;0
2026;1;C0008;L002;MT;Envios;49;0
2026;1;C0008;L002;SF2 sin TEC;Negativos;112;0
2026;1;C0008;L002;MT;Pagos;88;0
2026;1;C0008;L002;SF2 sin TEC;Positivo Debito;302;1
2026;1;C0008;L002;SF2 sin TEC;Positivo QR;65;0
2026;1;C0008;L002;SF2 sin TEC;SF2 Positivo;947;1
2026;1;C0008;L002;TEC;TEC Desembolsos;1;0
2026;1;C0009;L002;MT;Envios;133;0
2026;1;C0009;L002;SF2 sin TEC;Negativos;349;2
2026;1;C0009;L002;MT;Pagos;337;2
2026;1;C0009;L002;SF2 sin TEC;Positivo Debito;844;2
2026;1;C0009;L002;SF2 sin TEC;Positivo QR;200;1
2026;1;C0009;L002;SF2 sin TEC;SF2 Positivo;2454;18
2026;1;C0009;L002;TEC;TEC Desembolsos;7;0
2026;1;C0012;L002;MT;Envios;57;0
2026;1;C0012;L002;SF2 sin TEC;Negativos;179;1
2026;1;C0012;L002;MT;Pagos;115;1
2026;1;C0012;L002;SF2 sin TEC;Positivo Debito;485;9
2026;1;C0012;L002;SF2 sin TEC;Positivo QR;90;1
2026;1;C0012;L002;SF2 sin TEC;SF2 Positivo;1176;15
2026;1;C0012;L002;TEC;TEC Desembolsos;2;0
2026;1;C0013;L002;MT;Envios;46;0
2026;1;C0013;L002;SF2 sin TEC;Negativos;173;3
2026;1;C0013;L002;MT;Pagos;125;1
2026;1;C0013;L002;SF2 sin TEC;Positivo Debito;316;3
2026;1;C0013;L002;SF2 sin TEC;Positivo QR;92;0
2026;1;C0013;L002;SF2 sin TEC;SF2 Positivo;1158;12
2026;1;C0013;L002;TEC;TEC Desembolsos;2;0
2026;1;C0015;L003;MT;Envios;43;0
2026;1;C0015;L003;SF2 sin TEC;Negativos;98;1
2026;1;C0015;L003;MT;Pagos;55;0
2026;1;C0015;L003;SF2 sin TEC;Positivo Debito;175;2
2026;1;C0015;L003;SF2 sin TEC;Positivo QR;44;0
2026;1;C0015;L003;SF2 sin TEC;SF2 Positivo;507;4
2026;1;C0015;L003;TEC;TEC Desembolsos;1;0
2026;1;C0016;L003;MT;Envios;45;0
2026;1;C0016;L003;SF2 sin TEC;Negativos;164;2
2026;1;C0016;L003;MT;Pagos;154;3
2026;1;C0016;L003;SF2 sin TEC;Positivo Debito;299;3
2026;1;C0016;L003;SF2 sin TEC;Positivo QR;109;2
2026;1;C0016;L003;SF2 sin TEC;SF2 Positivo;1109;24
2026;1;C0016;L003;TEC;TEC Desembolsos;2;0
2026;2;C0001;L001;MT;Envios;60;0
2026;2;C0001;L001;SF2 sin TEC;Negativos;125;1
2026;2;C0001;L001;MT;Pagos;92;0
2026;2;C0001;L001;SF2 sin TEC;Positivo Debito;272;0
2026;2;C0001;L001;SF2 sin TEC;Positivo QR;66;0
2026;2;C0001;L001;SF2 sin TEC;SF2 Positivo;1132;4
2026;2;C0001;L001;TEC;TEC Desembolsos;1;0
2026;2;C0002;L001;MT;Envios;45;1
2026;2;C0002;L001;SF2 sin TEC;Negativos;165;5
2026;2;C0002;L001;MT;Pagos;118;3
2026;2;C0002;L001;SF2 sin TEC;Positivo Debito;453;6
2026;2;C0002;L001;SF2 sin TEC;Positivo QR;90;2
2026;2;C0002;L001;SF2 sin TEC;SF2 Positivo;1165;34
2026;2;C0002;L001;TEC;TEC Desembolsos;2;0
2026;2;C0003;L001;MT;Envios;129;3
2026;2;C0003;L001;SF2 sin TEC;Negativos;315;8
2026;2;C0003;L001;MT;Pagos;271;4
2026;2;C0003;L001;SF2 sin TEC;Positivo Debito;862;23
2026;2;C0003;L001;SF2 sin TEC;Positivo QR;160;3
2026;2;C0003;L001;SF2 sin TEC;SF2 Positivo;2651;75
2026;2;C0003;L001;TEC;TEC Desembolsos;3;0
2026;2;C0004;L001;MT;Envios;20;0
2026;2;C0004;L001;SF2 sin TEC;Negativos;38;1
2026;2;C0004;L001;MT;Pagos;45;0
2026;2;C0004;L001;SF2 sin TEC;Positivo Debito;105;3
2026;2;C0004;L001;SF2 sin TEC;Positivo QR;21;0
2026;2;C0004;L001;SF2 sin TEC;SF2 Positivo;276;6
2026;2;C0004;L001;TEC;TEC Desembolsos;1;0
2026;2;C0005;L001;MT;Envios;180;1
2026;2;C0005;L001;SF2 sin TEC;Negativos;494;8
2026;2;C0005;L001;MT;Pagos;335;2
2026;2;C0005;L001;SF2 sin TEC;Positivo Debito;956;14
2026;2;C0005;L001;SF2 sin TEC;Positivo QR;255;2
2026;2;C0005;L001;SF2 sin TEC;SF2 Positivo;3253;18
2026;2;C0005;L001;TEC;TEC Desembolsos;5;0
2026;2;C0007;L001;MT;Envios;33;0
2026;2;C0007;L001;SF2 sin TEC;Negativos;62;0
2026;2;C0007;L001;MT;Pagos;63;0
2026;2;C0007;L001;SF2 sin TEC;Positivo Debito;174;1
2026;2;C0007;L001;SF2 sin TEC;Positivo QR;41;0
2026;2;C0007;L001;SF2 sin TEC;SF2 Positivo;566;9
2026;2;C0007;L001;TEC;TEC Desembolsos;1;0
2026;2;C0008;L002;MT;Envios;39;0
2026;2;C0008;L002;SF2 sin TEC;Negativos;89;0
2026;2;C0008;L002;MT;Pagos;70;0
2026;2;C0008;L002;SF2 sin TEC;Positivo Debito;239;0
2026;2;C0008;L002;SF2 sin TEC;Positivo QR;51;0
2026;2;C0008;L002;SF2 sin TEC;SF2 Positivo;750;2
2026;2;C0008;L002;TEC;TEC Desembolsos;1;0
2026;2;C0009;L002;MT;Envios;143;0
2026;2;C0009;L002;SF2 sin TEC;Negativos;377;1
2026;2;C0009;L002;MT;Pagos;365;1
2026;2;C0009;L002;SF2 sin TEC;Positivo Debito;910;3
2026;2;C0009;L002;SF2 sin TEC;Positivo QR;216;1
2026;2;C0009;L002;SF2 sin TEC;SF2 Positivo;2648;19
2026;2;C0009;L002;TEC;TEC Desembolsos;7;0
2026;2;C0010;L002;MT;Envios;55;1
2026;2;C0010;L002;SF2 sin TEC;Negativos;58;0
2026;2;C0010;L002;MT;Pagos;91;1
2026;2;C0010;L002;SF2 sin TEC;Positivo Debito;308;2
2026;2;C0010;L002;SF2 sin TEC;Positivo QR;104;1
2026;2;C0010;L002;SF2 sin TEC;SF2 Positivo;732;14
2026;2;C0010;L002;TEC;TEC Desembolsos;2;0
2026;2;C0012;L002;MT;Envios;65;0
2026;2;C0012;L002;SF2 sin TEC;Negativos;203;4
2026;2;C0012;L002;MT;Pagos;130;2
2026;2;C0012;L002;SF2 sin TEC;Positivo Debito;551;6
2026;2;C0012;L002;SF2 sin TEC;Positivo QR;102;0
2026;2;C0012;L002;SF2 sin TEC;SF2 Positivo;1336;28
2026;2;C0012;L002;TEC;TEC Desembolsos;2;0
2026;2;C0013;L002;MT;Envios;46;0
2026;2;C0013;L002;SF2 sin TEC;Negativos;171;2
2026;2;C0013;L002;MT;Pagos;123;1
2026;2;C0013;L002;SF2 sin TEC;Positivo Debito;312;3
2026;2;C0013;L002;SF2 sin TEC;Positivo QR;90;0
2026;2;C0013;L002;SF2 sin TEC;SF2 Positivo;1142;9
2026;2;C0013;L002;TEC;TEC Desembolsos;2;0
2026;2;C0014;L003;MT;Envios;24;0
2026;2;C0014;L003;SF2 sin TEC;Negativos;40;0
2026;2;C0014;L003;MT;Pagos;33;0
2026;2;C0014;L003;SF2 sin TEC;Positivo Debito;112;1
2026;2;C0014;L003;SF2 sin TEC;Positivo QR;38;0
2026;2;C0014;L003;SF2 sin TEC;SF2 Positivo;366;4
2026;2;C0014;L003;TEC;TEC Desembolsos;1;0
2026;2;C0015;L003;MT;Envios;56;0
2026;2;C0015;L003;SF2 sin TEC;Negativos;127;0
2026;2;C0015;L003;MT;Pagos;71;0
2026;2;C0015;L003;SF2 sin TEC;Positivo Debito;226;1
2026;2;C0015;L003;SF2 sin TEC;Positivo QR;57;0
2026;2;C0015;L003;SF2 sin TEC;SF2 Positivo;655;8
2026;2;C0015;L003;TEC;TEC Desembolsos;1;0
2026;2;C0016;L003;MT;Envios;35;0
2026;2;C0016;L003;SF2 sin TEC;Negativos;128;3
2026;2;C0016;L003;MT;Pagos;122;3
2026;2;C0016;L003;SF2 sin TEC;Positivo Debito;235;6
2026;2;C0016;L003;SF2 sin TEC;Positivo QR;85;1
2026;2;C0016;L003;SF2 sin TEC;SF2 Positivo;869;27
2026;2;C0016;L003;TEC;TEC Desembolsos;1;0
2026;4;C0008;L002;MT;Envios;69;0
2026;4;C0008;L002;SF2 sin TEC;Negativos;158;0
2026;4;C0008;L002;MT;Pagos;123;0
2026;4;C0008;L002;SF2 sin TEC;Positivo Debito;424;0
2026;4;C0008;L002;SF2 sin TEC;Positivo QR;91;0
2026;4;C0008;L002;SF2 sin TEC;SF2 Positivo;1332;2
2026;4;C0008;L002;TEC;TEC Desembolsos;2;0
2026;4;C0009;L002;MT;Envios;202;0
2026;4;C0009;L002;SF2 sin TEC;Negativos;530;3
2026;4;C0009;L002;MT;Pagos;514;2
2026;4;C0009;L002;SF2 sin TEC;Positivo Debito;1282;5
2026;4;C0009;L002;SF2 sin TEC;Positivo QR;304;1
2026;4;C0009;L002;SF2 sin TEC;SF2 Positivo;3727;21
2026;4;C0009;L002;TEC;TEC Desembolsos;10;0
2026;4;C0010;L002;MT;Envios;49;0
2026;4;C0010;L002;SF2 sin TEC;Negativos;52;0
2026;4;C0010;L002;MT;Pagos;82;1
2026;4;C0010;L002;SF2 sin TEC;Positivo Debito;275;2
2026;4;C0010;L002;SF2 sin TEC;Positivo QR;93;0
2026;4;C0010;L002;SF2 sin TEC;SF2 Positivo;654;12
2026;4;C0010;L002;TEC;TEC Desembolsos;1;0
2026;4;C0012;L002;MT;Envios;69;1
2026;4;C0012;L002;SF2 sin TEC;Negativos;216;4
2026;4;C0012;L002;MT;Pagos;139;1
2026;4;C0012;L002;SF2 sin TEC;Positivo Debito;586;12
2026;4;C0012;L002;SF2 sin TEC;Positivo QR;109;1
2026;4;C0012;L002;SF2 sin TEC;SF2 Positivo;1421;20
2026;4;C0012;L002;TEC;TEC Desembolsos;2;0
2026;4;C0013;L002;MT;Envios;55;0
2026;4;C0013;L002;SF2 sin TEC;Negativos;206;1
2026;4;C0013;L002;MT;Pagos;148;2
2026;4;C0013;L002;SF2 sin TEC;Positivo Debito;375;5
2026;4;C0013;L002;SF2 sin TEC;Positivo QR;109;1
2026;4;C0013;L002;SF2 sin TEC;SF2 Positivo;1376;15
2026;4;C0013;L002;TEC;TEC Desembolsos;2;0
2026;4;C0014;L003;MT;Envios;30;0
2026;4;C0014;L003;SF2 sin TEC;Negativos;49;0
2026;4;C0014;L003;MT;Pagos;41;0
2026;4;C0014;L003;SF2 sin TEC;Positivo Debito;139;1
2026;4;C0014;L003;SF2 sin TEC;Positivo QR;47;0
2026;4;C0014;L003;SF2 sin TEC;SF2 Positivo;453;3
2026;4;C0014;L003;TEC;TEC Desembolsos;1;0
2026;4;C0015;L003;MT;Envios;68;0
2026;4;C0015;L003;SF2 sin TEC;Negativos;156;1
2026;4;C0015;L003;MT;Pagos;87;0
2026;4;C0015;L003;SF2 sin TEC;Positivo Debito;278;4
2026;4;C0015;L003;SF2 sin TEC;Positivo QR;70;0
2026;4;C0015;L003;SF2 sin TEC;SF2 Positivo;804;6
2026;4;C0015;L003;TEC;TEC Desembolsos;1;0
2026;4;C0016;L003;MT;Envios;63;1
2026;4;C0016;L003;SF2 sin TEC;Negativos;232;2
2026;4;C0016;L003;MT;Pagos;219;4
2026;4;C0016;L003;SF2 sin TEC;Positivo Debito;425;12
2026;4;C0016;L003;SF2 sin TEC;Positivo QR;155;3
2026;4;C0016;L003;SF2 sin TEC;SF2 Positivo;1574;24
2026;4;C0016;L003;TEC;TEC Desembolsos;2;0
2026;5;C0001;L001;MT;Envios;46;0
2026;5;C0001;L001;SF2 sin TEC;Negativos;94;0
2026;5;C0001;L001;MT;Pagos;70;0
2026;5;C0001;L001;SF2 sin TEC;Positivo Debito;206;1
2026;5;C0001;L001;SF2 sin TEC;Positivo QR;50;0
2026;5;C0001;L001;SF2 sin TEC;SF2 Positivo;859;2
2026;5;C0001;L001;TEC;TEC Desembolsos;1;0
2026;5;C0002;L001;MT;Envios;64;1
2026;5;C0002;L001;SF2 sin TEC;Negativos;234;7
2026;5;C0002;L001;MT;Pagos;167;3
2026;5;C0002;L001;SF2 sin TEC;Positivo Debito;642;20
2026;5;C0002;L001;SF2 sin TEC;Positivo QR;127;2
2026;5;C0002;L001;SF2 sin TEC;SF2 Positivo;1650;30
2026;5;C0002;L001;TEC;TEC Desembolsos;3;0
2026;5;C0003;L001;MT;Envios;125;1
2026;5;C0003;L001;SF2 sin TEC;Negativos;303;4
2026;5;C0003;L001;MT;Pagos;261;5
2026;5;C0003;L001;SF2 sin TEC;Positivo Debito;831;15
2026;5;C0003;L001;SF2 sin TEC;Positivo QR;154;1
2026;5;C0003;L001;SF2 sin TEC;SF2 Positivo;2555;39
2026;5;C0003;L001;TEC;TEC Desembolsos;3;0
2026;5;C0004;L001;MT;Envios;19;0
2026;5;C0004;L001;SF2 sin TEC;Negativos;37;1
2026;5;C0004;L001;MT;Pagos;46;1
2026;5;C0004;L001;SF2 sin TEC;Positivo Debito;103;2
2026;5;C0004;L001;SF2 sin TEC;Positivo QR;20;0
2026;5;C0004;L001;SF2 sin TEC;SF2 Positivo;271;3
2026;5;C0005;L001;MT;Envios;150;1
2026;5;C0005;L001;SF2 sin TEC;Negativos;411;5
2026;5;C0005;L001;MT;Pagos;280;3
2026;5;C0005;L001;SF2 sin TEC;Positivo Debito;795;8
2026;5;C0005;L001;SF2 sin TEC;Positivo QR;212;1
2026;5;C0005;L001;SF2 sin TEC;SF2 Positivo;2707;27
2026;5;C0005;L001;TEC;TEC Desembolsos;4;0
2026;5;C0006;L001;MT;Envios;59;0
2026;5;C0006;L001;SF2 sin TEC;Negativos;113;1
2026;5;C0006;L001;MT;Pagos;131;1
2026;5;C0006;L001;SF2 sin TEC;Positivo Debito;389;6
2026;5;C0006;L001;SF2 sin TEC;Positivo QR;109;1
2026;5;C0006;L001;SF2 sin TEC;SF2 Positivo;773;8
2026;5;C0006;L001;TEC;TEC Desembolsos;2;0
2026;5;C0007;L001;MT;Envios;45;0
2026;5;C0007;L001;SF2 sin TEC;Negativos;84;0
2026;5;C0007;L001;MT;Pagos;85;0
2026;5;C0007;L001;SF2 sin TEC;Positivo Debito;237;2
2026;5;C0007;L001;SF2 sin TEC;Positivo QR;56;0
2026;5;C0007;L001;SF2 sin TEC;SF2 Positivo;769;12
2026;5;C0007;L001;TEC;TEC Desembolsos;1;0
2026;5;C0008;L002;MT;Envios;72;0
2026;5;C0008;L002;SF2 sin TEC;Negativos;164;0
2026;5;C0008;L002;MT;Pagos;129;0
2026;5;C0008;L002;SF2 sin TEC;Positivo Debito;441;1
2026;5;C0008;L002;SF2 sin TEC;Positivo QR;95;0
2026;5;C0008;L002;SF2 sin TEC;SF2 Positivo;1386;3
2026;5;C0008;L002;TEC;TEC Desembolsos;2;0
2026;5;C0009;L002;MT;Envios;148;0
2026;5;C0009;L002;SF2 sin TEC;Negativos;390;2
2026;5;C0009;L002;MT;Pagos;378;0
2026;5;C0009;L002;SF2 sin TEC;Positivo Debito;941;2
2026;5;C0009;L002;SF2 sin TEC;Positivo QR;223;0
2026;5;C0009;L002;SF2 sin TEC;SF2 Positivo;2738;12
2026;5;C0009;L002;TEC;TEC Desembolsos;7;0
2026;5;C0013;L002;MT;Envios;60;0
2026;5;C0013;L002;SF2 sin TEC;Negativos;225;3
2026;5;C0013;L002;MT;Pagos;163;1
2026;5;C0013;L002;SF2 sin TEC;Positivo Debito;411;7
2026;5;C0013;L002;SF2 sin TEC;Positivo QR;119;0
2026;5;C0013;L002;SF2 sin TEC;SF2 Positivo;1508;22
2026;5;C0013;L002;TEC;TEC Desembolsos;3;0
2026;5;C0014;L003;MT;Envios;28;0
2026;5;C0014;L003;SF2 sin TEC;Negativos;47;0
2026;5;C0014;L003;MT;Pagos;39;0
2026;5;C0014;L003;SF2 sin TEC;Positivo Debito;132;1
2026;5;C0014;L003;SF2 sin TEC;Positivo QR;45;0
2026;5;C0014;L003;SF2 sin TEC;SF2 Positivo;431;7
2026;5;C0014;L003;TEC;TEC Desembolsos;1;0
2026;5;C0015;L003;MT;Envios;50;0
2026;5;C0015;L003;SF2 sin TEC;Negativos;115;0
2026;5;C0015;L003;MT;Pagos;65;0
2026;5;C0015;L003;SF2 sin TEC;Positivo Debito;205;1
2026;5;C0015;L003;SF2 sin TEC;Positivo QR;52;0
2026;5;C0015;L003;SF2 sin TEC;SF2 Positivo;594;5
2026;5;C0015;L003;TEC;TEC Desembolsos;1;0
2026;5;C0016;L003;MT;Envios;55;1
2026;5;C0016;L003;SF2 sin TEC;Negativos;204;2
2026;5;C0016;L003;MT;Pagos;191;5
2026;5;C0016;L003;SF2 sin TEC;Positivo Debito;373;11
2026;5;C0016;L003;SF2 sin TEC;Positivo QR;136;2
2026;5;C0016;L003;SF2 sin TEC;SF2 Positivo;1381;47
2026;5;C0016;L003;TEC;TEC Desembolsos;2;0
2026;6;C0001;L001;MT;Envios;58;0
2026;6;C0001;L001;SF2 sin TEC;Negativos;119;1
2026;6;C0001;L001;MT;Pagos;87;0
2026;6;C0001;L001;SF2 sin TEC;Positivo Debito;259;2
2026;6;C0001;L001;SF2 sin TEC;Positivo QR;63;0
2026;6;C0001;L001;SF2 sin TEC;SF2 Positivo;1079;7
2026;6;C0001;L001;TEC;TEC Desembolsos;1;0
2026;6;C0002;L001;MT;Envios;73;2
2026;6;C0002;L001;SF2 sin TEC;Negativos;267;8
2026;6;C0002;L001;MT;Pagos;190;3
2026;6;C0002;L001;SF2 sin TEC;Positivo Debito;733;9
2026;6;C0002;L001;SF2 sin TEC;Positivo QR;145;4
2026;6;C0002;L001;SF2 sin TEC;SF2 Positivo;1884;29
2026;6;C0002;L001;TEC;TEC Desembolsos;4;0
2026;6;C0003;L001;MT;Envios;93;2
2026;6;C0003;L001;SF2 sin TEC;Negativos;227;5
2026;6;C0003;L001;MT;Pagos;196;1
2026;6;C0003;L001;SF2 sin TEC;Positivo Debito;622;16
2026;6;C0003;L001;SF2 sin TEC;Positivo QR;115;3
2026;6;C0003;L001;SF2 sin TEC;SF2 Positivo;1914;31
2026;6;C0003;L001;TEC;TEC Desembolsos;3;0
2026;6;C0004;L001;MT;Envios;20;0
2026;6;C0004;L001;SF2 sin TEC;Negativos;38;1
2026;6;C0004;L001;MT;Pagos;46;0
2026;6;C0004;L001;SF2 sin TEC;Positivo Debito;105;2
2026;6;C0004;L001;SF2 sin TEC;Positivo QR;21;0
2026;6;C0004;L001;SF2 sin TEC;SF2 Positivo;277;4
2026;6;C0004;L001;TEC;TEC Desembolsos;1;0
2026;6;C0005;L001;MT;Envios;123;1
2026;6;C0005;L001;SF2 sin TEC;Negativos;338;6
2026;6;C0005;L001;MT;Pagos;229;3
2026;6;C0005;L001;SF2 sin TEC;Positivo Debito;653;11
2026;6;C0005;L001;SF2 sin TEC;Positivo QR;174;1
2026;6;C0005;L001;SF2 sin TEC;SF2 Positivo;2224;35
2026;6;C0005;L001;TEC;TEC Desembolsos;4;0
2026;6;C0006;L001;MT;Envios;61;0
2026;6;C0006;L001;SF2 sin TEC;Negativos;115;0
2026;6;C0006;L001;MT;Pagos;134;2
2026;6;C0006;L001;SF2 sin TEC;Positivo Debito;398;3
2026;6;C0006;L001;SF2 sin TEC;Positivo QR;111;1
2026;6;C0006;L001;SF2 sin TEC;SF2 Positivo;791;14
2026;6;C0006;L001;TEC;TEC Desembolsos;2;0
2026;6;C0007;L001;MT;Envios;49;0
2026;6;C0007;L001;SF2 sin TEC;Negativos;94;1
2026;6;C0007;L001;MT;Pagos;95;0
2026;6;C0007;L001;SF2 sin TEC;Positivo Debito;262;5
2026;6;C0007;L001;SF2 sin TEC;Positivo QR;62;0
2026;6;C0007;L001;SF2 sin TEC;SF2 Positivo;852;10
2026;6;C0007;L001;TEC;TEC Desembolsos;1;0
2026;6;C0008;L002;MT;Envios;47;0
2026;6;C0008;L002;SF2 sin TEC;Negativos;107;0
2026;6;C0008;L002;MT;Pagos;85;0
2026;6;C0008;L002;SF2 sin TEC;Positivo Debito;289;0
2026;6;C0008;L002;SF2 sin TEC;Positivo QR;62;0
2026;6;C0008;L002;SF2 sin TEC;SF2 Positivo;908;1
2026;6;C0008;L002;TEC;TEC Desembolsos;1;0
2026;6;C0009;L002;MT;Envios;167;0
2026;6;C0009;L002;SF2 sin TEC;Negativos;440;1
2026;6;C0009;L002;MT;Pagos;426;2
2026;6;C0009;L002;SF2 sin TEC;Positivo Debito;1063;5
2026;6;C0009;L002;SF2 sin TEC;Positivo QR;252;0
2026;6;C0009;L002;SF2 sin TEC;SF2 Positivo;3091;22
2026;6;C0009;L002;TEC;TEC Desembolsos;8;0
2026;6;C0010;L002;MT;Envios;70;1
2026;6;C0010;L002;SF2 sin TEC;Negativos;74;1
2026;6;C0010;L002;MT;Pagos;118;1
2026;6;C0010;L002;SF2 sin TEC;Positivo Debito;396;2
2026;6;C0010;L002;SF2 sin TEC;Positivo QR;134;0
2026;6;C0010;L002;SF2 sin TEC;SF2 Positivo;940;7
2026;6;C0010;L002;TEC;TEC Desembolsos;2;0
2026;6;C0012;L002;MT;Envios;87;0
2026;6;C0012;L002;SF2 sin TEC;Negativos;271;2
2026;6;C0012;L002;MT;Pagos;172;2
2026;6;C0012;L002;SF2 sin TEC;Positivo Debito;734;15
2026;6;C0012;L002;SF2 sin TEC;Positivo QR;136;1
2026;6;C0012;L002;SF2 sin TEC;SF2 Positivo;1779;20
2026;6;C0012;L002;TEC;TEC Desembolsos;3;0
2026;6;C0014;L003;MT;Envios;23;0
2026;6;C0014;L003;SF2 sin TEC;Negativos;37;0
2026;6;C0014;L003;MT;Pagos;31;0
2026;6;C0014;L003;SF2 sin TEC;Positivo Debito;106;1
2026;6;C0014;L003;SF2 sin TEC;Positivo QR;36;0
2026;6;C0014;L003;SF2 sin TEC;SF2 Positivo;346;2
2026;6;C0014;L003;TEC;TEC Desembolsos;1;0
2026;6;C0015;L003;MT;Envios;73;0
2026;6;C0015;L003;SF2 sin TEC;Negativos;168;2
2026;6;C0015;L003;MT;Pagos;93;0
2026;6;C0015;L003;SF2 sin TEC;Positivo Debito;298;1
2026;6;C0015;L003;SF2 sin TEC;Positivo QR;75;0
2026;6;C0015;L003;SF2 sin TEC;SF2 Positivo;864;7
2026;6;C0015;L003;TEC;TEC Desembolsos;2;0
2026;6;C0016;L003;MT;Envios;46;0
2026;6;C0016;L003;SF2 sin TEC;Negativos;171;3
2026;6;C0016;L003;MT;Pagos;161;4
2026;6;C0016;L003;SF2 sin TEC;Positivo Debito;312;4
2026;6;C0016;L003;SF2 sin TEC;Positivo QR;114;3
2026;6;C0016;L003;SF2 sin TEC;SF2 Positivo;1157;30
2026;6;C0016;L003;TEC;TEC Desembolsos;2;0
2026;1;C0002;L001;SF2 sin TEC;Positivo Debito;450;14
2026;5;C9999;L001;MT;Envios;812;9
2026;5;C0001;L999;MT;Envios;640;5
2026;6;C0001;L001;MT;Transferencia XYZ;97;1
2026;6;C0001;L001;MT;Pagos;-143;0
